name,address,score,reviews count,province,category,price,services,description images,latitude,longitude
Bà Nà Hills,"Thôn An Sơn, Hòa Vang, Đà Nẵng, Việt Nam","4,6",23.669,Đà Nẵng,Điểm thu hút khách du lịch,"23,32 US$",,"https://lh5.googleusercontent.com/p/AF1QipMW717XyWoWQH5nR6KQ1ukbcSczJNGcbU-On08r, https://lh5.googleusercontent.com/p/AF1QipNrLb7hH3kajmGzKzqVUoNZLql52gCEiwlfiOLO, https://lh5.googleusercontent.com/p/AF1QipNGGgGnvBQPQK3BfbLZh4-qp2iQneb62WaXc1Ug, https://lh5.googleusercontent.com/p/AF1QipPVfpV9wXe-Zi0BOVPaGdqRg05GrcFDct-vAiSR, ",15.99514,107.99614
Ngũ Hành Sơn,"81 Huyền Trân Công Chúa, Hoà Hải, Ngũ Hành Sơn, Đà Nẵng 550000, Việt Nam","4,3",29.855,Đà Nẵng,Thắng cảnh,"1,58 US$",,"https://lh5.googleusercontent.com/p/AF1QipNmJMBLOr_XhO6GI84xA6BLVnVKfI5LhooX3L03, https://lh5.googleusercontent.com/p/AF1QipPVRj4L236O8JqwQc3DwXX3SRQnTvzccluzrYCH, https://lh5.googleusercontent.com/p/AF1QipMh3tk5Gge3A80FL6znXA8LyfwY3BEfi4eMaNxt, https://lh5.googleusercontent.com/p/AF1QipN7tTLhetAREbmJyYQQ00GQfycs1q60GT_5hIZX, ",16.00348,108.26458
DA NANG DOWNTOWN,"Đ. 2 Tháng 9, Hoà Cường Bắc, Hải Châu, Đà Nẵng 550000, Việt Nam","4,4",10.730,Đà Nẵng,Công viên giải trí,"5,93 US$",,"https://lh5.googleusercontent.com/p/AF1QipPJl_jJia1ULs-ybReLaXoeMDnF9aFC6-64AK5V, https://lh5.googleusercontent.com/p/AF1QipOJ0OVGjyd0FQV26pLDGjQtdkpU57CD2LW6lnaO, https://lh5.googleusercontent.com/p/AF1QipNlvy3GhKRmin2hDPVa23nkQp7cv4kHjiJOmd8T, https://lh5.googleusercontent.com/p/AF1QipP34GjMZQ51-04iC4XENbAPDiis-JntKOK8hbTJ, ",16.04121,108.22563
Bảo tàng Điêu khắc Chăm Đà Nẵng,"Số 02 Đ. 2 Tháng 9, Bình Hiên, Hải Châu, Đà Nẵng 550000, Việt Nam","4,2",6.518,Đà Nẵng,Bảo tàng điêu khắc,"2,37 US$",,"https://lh5.googleusercontent.com/p/AF1QipP2_3hvvbCiLyt3w_uXrFud-A-VDTXj6L-hBfn8, https://lh5.googleusercontent.com/p/AF1QipPsPSlOMLjOJBqL8dXiVJhfY-cw-0Iy2e0gQsHl, https://lh5.googleusercontent.com/p/AF1QipOPgHaMxM8ZDduSYL2x_NjkI7YlPmrk7CsnYKH1, https://lh5.googleusercontent.com/p/AF1QipM_I-RGArVvNxN624jPPaZVe4oQ0nNmX2Bx73vg, ",16.06030,108.22327
Hòa Phú Thành Tourist - Trượt thác Đà Nẵng,"Hoà Phú, Hòa Vang, Đà Nẵng, Việt Nam","4,4",1.439,Đà Nẵng,Điểm thu hút khách du lịch,Không có giá,,"https://lh5.googleusercontent.com/p/AF1QipNraqb0MOe9zHaofPlE1_fAtopMolFb6ej_raK-, https://lh5.googleusercontent.com/p/AF1QipO12KqXm7-Kk2uyOefE3gr1TbBdYYyiOQyXbs5z, https://lh5.googleusercontent.com/p/AF1QipNKb92DY_Q_X56fzXd5CriNTO6S_UDrpXUiAImY, https://lh5.googleusercontent.com/p/AF1QipM3QpKN5LkmmC_COoMJd9D3pe_SJm9t8Cw8lIl-, ",15.95776,107.99170
Cầu Tình Yêu Đà Nẵng,"Đ. Trần Hưng Đạo, An Hải, Sơn Trà, Đà Nẵng 550000, Việt Nam","4,5",3.295,Đà Nẵng,Điểm thu hút khách du lịch,Miễn phí,"Ăn tại chỗ, Đồ ăn mang đi, Giao hàng, ","https://lh5.googleusercontent.com/p/AF1QipNYUP3dFqsIA5-hhiuCG88HL9_cAqi8O-WgzVrC, https://lh5.googleusercontent.com/p/AF1QipPrSloLKQ5nnb-6CcTN5TUslDseLHsHcSyf_JF1, https://lh5.googleusercontent.com/p/AF1QipOZMbXrniDySemY3wfQd48486_sE6hfG36fIcHn, https://lh5.googleusercontent.com/p/AF1QipPV6sqtoQOB4WUjVLmrq4WlZcp_THZP91fhGk83, ",16.06321,108.22959
Vòng quay Mặt Trời (Sun Wheel),"1 Phan Đăng Lưu, Hoà Cường Bắc, Hải Châu, Đà Nẵng, Việt Nam","4,5",5.075,Đà Nẵng,Vòng đu quay,"5,93 US$",,"https://lh5.googleusercontent.com/p/AF1QipNTyTom81bY_jejOimK6XVT1KUqfe_rlvtILAWr, https://lh5.googleusercontent.com/p/AF1QipOxUTDCbrixeT6PeruKYt7qj8rxD2FNiz4Hqngh, https://lh5.googleusercontent.com/p/AF1QipPwN5a4eT16FhK-76MJr2c_rOr8sxgX_gnxY7Fl, https://lh5.googleusercontent.com/p/AF1QipN0TnPpVXRLk4zvlUqZGcbpADNVpMbiZZPhU1up, ",16.04016,108.22852
Ghềnh Bàng,"Hoàng Sa, Thọ Quang, Sơn Trà, Vietnam, Đà Nẵng, Việt Nam","4,5",776,Đà Nẵng,Thắng cảnh,Miễn phí,,"https://lh5.googleusercontent.com/p/AF1QipMjw0Hr8Q8IaNps_6FVlPFivjdCTKO5LQFionCZ, https://lh5.googleusercontent.com/p/AF1QipOGBzDbCm_QqE2VXprPc1O1qtObhldeoAkD8qV6, https://lh5.googleusercontent.com/p/AF1QipOW8bGkGLsaVOuZKKRxxMKUlYJK6JioNb52drSF, https://lh5.googleusercontent.com/p/AF1QipOK-pJvLmjxxTOV2c-fN4C4tSnQTZDe1lWix5VR, ",16.11243,108.31163
Tượng Cá Chép Hóa Rồng,"Đ. Trần Hưng Đạo, An Hải, Sơn Trà, Đà Nẵng 550000, Việt Nam","4,5",514,Đà Nẵng,Điểm thu hút khách du lịch,Không có giá,,"https://lh5.googleusercontent.com/p/AF1QipOsja5mY4FutBBksUpPGk7xtTfT2LONbebEZsIY, https://lh5.googleusercontent.com/p/AF1QipMpn6IsdBcX795423GCoph9u56VbiT_SvfbdXso, https://lh5.googleusercontent.com/p/AF1QipPv243eD4Ihp2TPwGQh-xAeabEz8p3L--yR2RE, https://lh5.googleusercontent.com/p/AF1QipOyHJdQYVySYKdtWFS9ep1p90ftADM-uz0d1PyG, ",16.06291,108.22982
Đỉnh Bàn Cờ,"Bàn cờ, Thọ Quang, Sơn Trà, Đà Nẵng, Việt Nam","4,6",3.475,Đà Nẵng,Điểm thu hút khách du lịch,Miễn phí,,"https://lh5.googleusercontent.com/p/AF1QipMngf3w05RMVlbau_UPnibZJauwbwiSQVuxUQef, https://lh5.googleusercontent.com/p/AF1QipN12A7mH75PsjNtDUH35qsRLY06Uco3az9RkzJq, https://lh5.googleusercontent.com/p/AF1QipPL4OZ6C6IbSrufSWozZvEJNPhNO7PT0T0qFA9X, https://lh5.googleusercontent.com/p/AF1QipN37auW0i-wzYT8VHs_c0tcsVKe2lUiiSqKqm8R, ",16.11894,108.27198
Bãi Tắm Non Nước,"273C+42, Ngũ Hành Sơn, Đà Nẵng 550000, Việt Nam","4,5",95,Đà Nẵng,Điểm thu hút khách du lịch,Không có giá,,"https://lh5.googleusercontent.com/p/AF1QipP1ERIfuOqEsmk-gkDNgib7iucLi1q49l1zaoGx, https://lh5.googleusercontent.com/p/AF1QipNz-uu-bvoDbTgJ_62dRsgig4NUQY3NVMTkQthZ, ",16.00279,108.26997
Hải đăng Tiên Sa,"Thọ Quang, Sơn Trà, Đà Nẵng, Việt Nam","4,4",323,Đà Nẵng,Điểm thu hút khách du lịch,Không có giá,,"https://lh5.googleusercontent.com/p/AF1QipNinnEpRKiIkevW947SS9JJKsZ2mb_XrB-eGoZ7, https://lh5.googleusercontent.com/p/AF1QipOBHPuhfRpgDAsd9JvGA9dwg3j9IGJADf2obosQ, https://lh5.googleusercontent.com/p/AF1QipMlRzjzQFNXxJb6OlZwZzuGBwcppj_1oaQ3BrqX, https://lh5.googleusercontent.com/p/AF1QipPfRwsMDvTuQdmbpb-D16K7E4dG1Dmj4ldpp848, ",16.13969,108.32206
Hồ Xanh Đà Nẵng,"37X9+F68, Hồ Xanh, Thọ Quang, Sơn Trà, Đà Nẵng, Việt Nam","4,3",699,Đà Nẵng,Điểm thu hút khách du lịch,Không có giá,,"https://lh5.googleusercontent.com/p/AF1QipOISKs8VUAnuuG7UIKR2HRnPaTvL7PW8jxIxi1o, https://lh5.googleusercontent.com/p/AF1QipPAsC1rj2hpoGPrX_PhzeHSQAaM-GQXMWLtOCBG, https://lh5.googleusercontent.com/p/AF1QipPhJvQbM61xH9jdD9dOAn8ZGblCJfdvL9ymLDTb, https://lh5.googleusercontent.com/p/AF1QipNPrdr59UY0B6ssIn6mLju45Zx5n8WHgGQJixKk, ",16.09867,108.26806
Bảo tàng 3D Art In Paradise,"Lô 10, Trần Nhân Tông, Thọ Quang, Sơn Trà, Đà Nẵng, Việt Nam","4,3",2.582,Đà Nẵng,Bảo tàng nghệ thuật,Không có giá,,"https://lh5.googleusercontent.com/p/AF1QipOYrxPILxrQwRB1wVfFFoRPxf1TopAUjI6BVs1H, https://lh5.googleusercontent.com/p/AF1QipMK9NAd0u1hJulBT7wPsVNUOMQTfjPXEkpgtcT7, https://lh5.googleusercontent.com/p/AF1QipMjj9GJTUzMhwJJ8YswzlfcWqU_PrArSVxxcU4b, https://lh5.googleusercontent.com/p/AF1QipNddl9I6tmasEYEpv7crsdzV_sAuTtlK3CGAkiO, ",16.09543,108.24311
Nhà Vọng Cảnh,"Nhà Vọng Cảnh, Thọ Quang, Sơn Trà, Đà Nẵng, Việt Nam","4,5",854,Đà Nẵng,Điểm thu hút khách du lịch,Không có giá,,"https://lh5.googleusercontent.com/p/AF1QipMHUORyhVfaQegve2TBMRXcG1iv50yBm__s2i0M, https://lh5.googleusercontent.com/p/AF1QipPlrjXl-cle39_X_yoiDw9dLEtLQ_ixSCK7ubjc, https://lh5.googleusercontent.com/p/AF1QipOmWr8z17kGQnGmqnLYDBdcuEPSPewtWqPRPCb2, https://lh5.googleusercontent.com/p/AF1QipNObcbrzzbI59Iy62tVdBxY271WsXlSD9mi6uuG, ",16.13511,108.24538
Hot Springs Park - Công viên Suối khoáng nóng Núi Thần Tài Đà Nẵng,"QL14G, Hoà Phú, Hòa Vang, Đà Nẵng 550000, Việt Nam","4,3",3.705,Đà Nẵng,Onsen ban ngày,"15,81 US$",,"https://lh5.googleusercontent.com/p/AF1QipO0oqTVFR-dOkw6ouXvhqBlk1tYg2FtjTetcIqo, https://lh5.googleusercontent.com/p/AF1QipO-VRM92OzGt-8-U4qOjJBDH46EQvLFLnkV5aS5, https://lh5.googleusercontent.com/p/AF1QipNwSl-zIIQx8FY58LxHkFmCI5-45VSSqEMf2RXg, https://lh5.googleusercontent.com/p/AF1QipOf89auo2CchT3TUoqs-Sh1s2V7mKA60ivog2vU, ",15.96785,108.01981
Bến Du Thuyền Sông Hàn Đà Nẵng,"26 Bạch Đằng, Thạch Thang, Hải Châu, Đà Nẵng 550000, Việt Nam","4,3",599,Đà Nẵng,Điểm thu hút khách du lịch,Không có giá,,"https://lh5.googleusercontent.com/p/AF1QipMJ-qaEbRELUaKiG-KdaWoe9mOiYqnQ0jPTf9U, https://lh5.googleusercontent.com/p/AF1QipN6pn3hnsOwFlpuceDU_KySmpa6aU5mUra9vHhq, https://lh5.googleusercontent.com/p/AF1QipOQKNsxVFBcM4etrGfqW6PrbF09I8ZTIv3Cm3Vj, https://lh5.googleusercontent.com/p/AF1QipPPfjCr6IyE-mmL6m8R6zi3zGTyDTpFkUvMePQ, ",16.07914,108.22428
Làng Bích họa Đà Nẵng,"366C+72J, Kiệt 75 Nguyễn Văn Linh, Phước Ninh, Hải Châu, Đà Nẵng 550000, Việt Nam","4,0",713,Đà Nẵng,Điểm thu hút khách du lịch,Không có giá,,"https://lh5.googleusercontent.com/p/AF1QipPl1LYS8Hs40V8PUZOPMMaruMj1V0DmRxYRxa8p, https://lh5.googleusercontent.com/p/AF1QipOD34kVsQzUwn9gYdzQ_nwvP9CtyOkO0Oldhpfv, https://lh5.googleusercontent.com/p/AF1QipOHDud1iM4FlpR3YzAPKXdcpNxYVkyM-BKuNveH, ",16.06072,108.22001
Điểm đầu trượt thác Hoà Phú Thành,"QL14G, Hoà Phú, Hòa Vang, Đà Nẵng, Việt Nam","4,3",20,Đà Nẵng,Điểm thu hút khách du lịch,Không có giá,,"https://lh5.googleusercontent.com/p/AF1QipOUvnuX_yeI2xZ_aINBdBeXTHSZgrMo2nfpEqcg, https://lh5.googleusercontent.com/p/AF1QipPl2hHXXn44XRpR611iTOVye7B6bB_wb5h9QkSv, https://lh5.googleusercontent.com/p/AF1QipODZYgeA8PrEEUflO2TEcJ3xDgzm6dnJR6fSPd_, https://lh5.googleusercontent.com/p/AF1QipOa1lhst-dq0fGDBwruJJO0g6j5mNwi0wcEsgQ3, ",15.95543,107.98047
Cầu Trần Thị Lý,"Trần Thị Lý, Hòa Cường, Đà Nẵng, 550000, Việt Nam","4,8",132,Đà Nẵng,Điểm thu hút khách du lịch,Miễn phí,,"https://lh5.googleusercontent.com/p/AF1QipOMAKrUJ1J53zRS8pf19bpXA1c8n-KO3jq70vb9, https://lh5.googleusercontent.com/p/AF1QipNm__VZQyNje4pfwSZc8BiVAsUQ35OC9Bsun0gZ, https://lh5.googleusercontent.com/p/AF1QipPILSI10B4DmuJ13fcYTn2zzd2vTd6z27OA1Oi6, https://lh5.googleusercontent.com/p/AF1QipO8s5sKnZZFUK5bkUL4iiohB-RxknEJySYTHxoO, ",16.05023,108.22973
Cầu đi bộ Nguyễn Văn Trỗi,"Nguyễn Văn Trỗi Bridge, Bắc Mỹ Phú, Sơn Trà, Đà Nẵng 550000, Việt Nam","4,5",198,Đà Nẵng,Điểm thu hút khách du lịch,Không có giá,,"https://lh5.googleusercontent.com/p/AF1QipN6yb1-bM9c93g3_Lyxg7GYR_z4wYz_kYO6Nw, https://lh5.googleusercontent.com/p/AF1QipMGIq74TBLVgsKlydtoK_xffvRWzDMcittHZkqY, https://lh5.googleusercontent.com/p/AF1QipPefx3S13yOxNYf8K82Lm3DpSULjYGDDCYyO1uN, ",16.05108,108.22906
Du lịch Đà nẵng Hội an,"7 Lê Văn Thứ, Mân Thái, Sơn Trà, Đà Nẵng 550000, Việt Nam","4,6",16,Đà Nẵng,Điểm thu hút khách du lịch,Không có giá,,"https://lh5.googleusercontent.com/p/AF1QipMHbMz_AQXlMDnHy_5oPN8aOPz3HhkvrijRpY_T, https://lh5.googleusercontent.com/p/AF1QipO7J5EFe6-K0jZAk0x-2mCWUfRE3H39CDv1xCjC, https://lh5.googleusercontent.com/p/AF1QipM-vKuVAVofJ_Uahu7MLVMUTqQB5psScY03enZI, ",16.08523,108.24430
Giếng Trời,"Hoà Ninh, Hòa Vang, Đà Nẵng, Việt Nam","4,3",93,Đà Nẵng,Điểm thu hút khách du lịch,Không có giá,,"https://lh5.googleusercontent.com/p/AF1QipMo0Nki9bwTx0SVss9np4IoSUwCJSRjVl5Thm52, https://lh5.googleusercontent.com/p/AF1QipNmCTrbu-ng8HkMfzP3tqVO5udVShr_jzjlCrZ0, https://lh5.googleusercontent.com/p/AF1QipO63DQvMgR10P-LQNgduUUavv5r44HqTNTlDqiC, ",16.03476,107.99092
Mũi Nghê,"Thọ Quang, Sơn Trà, Đà Nẵng, Việt Nam","4,7",43,Đà Nẵng,Điểm thu hút khách du lịch,Không có giá,,"https://lh5.googleusercontent.com/p/AF1QipOEv7PO3fD-zGqR47ybBkaRjLNTzlueHG88yt0F, https://lh5.googleusercontent.com/p/AF1QipO51AEg59YgEwhUJErvOGWee_e5awaAgwKWxXof, https://lh5.googleusercontent.com/p/AF1QipNDuR-7QwWbO4wicULzJCgLIKNRUwqd9q68GtQy, https://lh5.googleusercontent.com/p/AF1QipOaCfsreQZqnqT8R0SQorqb92cVBzx9nQaFM3gM, ",16.11862,108.33687
Suối Lương - Hai Van Park,"Suối Lương, Hoà Hiệp Bắc, Liên Chiểu, Đà Nẵng, Việt Nam","3,9",1.497,Đà Nẵng,None,Không có giá,,"https://lh5.googleusercontent.com/p/AF1QipORV5mppLCHTJxLDn5VJgZTCsqMKAMaHNffBJnA, https://lh5.googleusercontent.com/p/AF1QipM9PmGqNJKZgiutunanzkXv-DQ2MYmOnjyOWNzz, https://lh5.googleusercontent.com/p/AF1QipMgCjYKuCHD4ineqf7BjVjMhrK1EEf1V13f63QG, https://lh5.googleusercontent.com/p/AF1QipMiCZVYtJzQSyHlOycGDgHp75zEWys-yXfeMaPA, ",16.15662,108.10932
Cầu Sông Hàn,"36CG+RPX, Cầu Sông Hàn, An Hải, Sơn Trà, Đà Nẵng 550000, Việt Nam","4,6",4.612,Đà Nẵng,Cầu,Không có giá,,"https://lh5.googleusercontent.com/p/AF1QipPR0yFg71ydHaR3xXbbMApGnySOSmF5IBCXeWmc, https://lh5.googleusercontent.com/p/AF1QipNNEQgLykdK6vG-S5do2k_RtibZ53sVtn-B0E_u, https://lh5.googleusercontent.com/p/AF1QipNSnhPVL1V_QL6SUWKX6sUXulZA8_0eXqGwcjLg, https://lh5.googleusercontent.com/p/AF1QipOEsODI76z5z7oO25qkK9qVYsD9PmwczDSnocPC, ",16.07212,108.22685
Biển Mỹ Khê,"Võ Nguyên Giáp, Hoà Hải, Ngũ Hành Sơn, Đà Nẵng 550000, Việt Nam","4,5",10.597,Đà Nẵng,Điểm thu hút khách du lịch,Miễn phí,,"https://lh5.googleusercontent.com/p/AF1QipPgpkvaWeKD9pejm2Org-oEx-SWXLyGH_qSUneu, https://lh5.googleusercontent.com/p/AF1QipNoGprN6nQx6QP78VsenUvjq2urgvoS8xzER_U8, https://lh5.googleusercontent.com/p/AF1QipNCifcir2BliICeUskXqN8S7jWMG_SD40wCCBz9, https://lh5.googleusercontent.com/p/AF1QipNTxJo1jRBhrG-jJTxh01e7dyEyWqsl42SLO2TU, ",16.06432,108.24655
Công viên Kỳ Quan,"01 Lê Văn Duyệt, Nại Hiên Đông, Sơn Trà, Đà Nẵng 590000, Việt Nam","4,4",1.098,Đà Nẵng,Điểm thu hút khách du lịch,Không có giá,,"https://lh5.googleusercontent.com/p/AF1QipP-lPLE2xfgH0ZSvjQXvlpwHxK08qNEENqlZFfJ, https://lh5.googleusercontent.com/p/AF1QipNxXtav5B5tYFMmwdv1ITmOtBTyNp1q3zGXdRsU, https://lh5.googleusercontent.com/p/AF1QipNFAp3pCL5q-ClGuqlwhcHfT4QARN3YYV_Q4vdH, https://lh5.googleusercontent.com/p/AF1QipPQhzwh5-psJ7soIAzSTlIBp1u620fu-YpQu0zP, ",16.09882,108.22441
Lễ Hội Pháo Hoa Quốc Tế Đà Nẵng 2023,"Đ. Trần Hưng Đạo, Nại Hiên Đông, Sơn Trà, Đà Nẵng 550000, Việt Nam","4,7",28,Đà Nẵng,Điểm thu hút khách du lịch,Không có giá,,"https://lh5.googleusercontent.com/p/AF1QipO46xqBa42vQj1tujeUwHrOOalykwsMNzjxDBG5, https://lh5.googleusercontent.com/p/AF1QipOY0n6nhJq2846KYCCiMiYABR4YwtGvJWTCy19u, ",16.08261,108.22868
Bảo tàng Đà Nẵng,"24 Trần Phú, Thạch Thang, Hải Châu, Đà Nẵng 550000, Việt Nam","4,0",1.936,Đà Nẵng,Bảo tàng lịch sử,"0,79 US$",,"https://lh5.googleusercontent.com/p/AF1QipOYN3XIgJ6KheNrpDdnK0ffkoZZ9fkWG2wCzkE6, https://lh5.googleusercontent.com/p/AF1QipNPoKONbsUNxUdbe4ZYybVZDnBR0Xu3YtWdtHVR, https://lh5.googleusercontent.com/p/AF1QipOOQKtxm2N8aEcs4INBuJ1fX67m1mZiVRKfq1lE, https://lh5.googleusercontent.com/p/AF1QipN9P73KyW2H-HB52ZAW1t0lCC00uuaSaWYigo0F, ",16.07645,108.22149
Bãi Rêu Nam Ô,"449J+526, Nam Ô 1, Liên Chiểu, Đà Nẵng, Việt Nam","4,5",235,Đà Nẵng,Điểm thu hút khách du lịch,Không có giá,,"https://lh5.googleusercontent.com/p/AF1QipNKPWvZvM1opUuBVAAUCEEdRVyNHowhTUnmiztJ, https://lh5.googleusercontent.com/p/AF1QipMy7Fccw6PJOD8fiEg_vymwlS5IGZDfeu9wNGAx, https://lh5.googleusercontent.com/p/AF1QipOPSA-hUYT-piS9yGWRBm5CHjk_GuNOGp1cNNBc, https://lh5.googleusercontent.com/p/AF1QipNSeOJiF-rxPEgGNHScSl5Hu2ZTtpPzeDN3tD-w, ",16.11791,108.13001
Bay dù Đà Nẵng,"4724+GQ4, Hoàng Sa, Thọ Quang, Sơn Trà, Đà Nẵng, Việt Nam","4,5",8,Đà Nẵng,Điểm thu hút khách du lịch,Không có giá,,"https://lh5.googleusercontent.com/p/AF1QipO_GJ9eN5fu0u7B6-XSZL73TNYxhwSMaFeRpAjV, https://lh5.googleusercontent.com/p/AF1QipPpVah6DUT1uNewAQ7pOcgnHvHqVKkHpYutCpa6, https://lh5.googleusercontent.com/p/AF1QipMZkzI4EtU7MvEsp5F2b7OJk90YxDT2pcuk89Sd, https://lh5.googleusercontent.com/p/AF1QipORxliqHR54zOd_PzBwiV5zF3VgVYZuEvb_fF9w, ",16.10126,108.25695
Bãi Nam,"473X+VJ5, Hoàng Sa, Thọ Quang, Sơn Trà, Đà Nẵng, Việt Nam","4,4",340,Đà Nẵng,Điểm thu hút khách du lịch,Không có giá,,"https://lh5.googleusercontent.com/p/AF1QipNbg3Um0GIxZdxa5Z1eO0J5Qcp8ESkEHzAEjRcI, https://lh5.googleusercontent.com/p/AF1QipNqUrivl_mLikKj7ruIWU02u_hbzazrnFOPcuUX, https://lh5.googleusercontent.com/p/AF1QipNMaYAT8anqEUqxHMtasRkI99e8v0PB4GLkOQkZ, https://lh5.googleusercontent.com/p/AF1QipNf1qnwyfnCHLbHLOoIsK0eHxeVBbS4DOltI9jL, ",16.10465,108.29910
DHC Marina,"367H+PW4, Đ. Trần Hưng Đạo, An Hải, Sơn Trà, Đà Nẵng 550000, Việt Nam","4,1",249,Đà Nẵng,Điểm thu hút khách du lịch,Không có giá,,"https://lh5.googleusercontent.com/p/AF1QipMgCRybB-RdvDI9Cbe52nQDgdo9AI3P1nRkcyOu, https://lh5.googleusercontent.com/p/AF1QipPChlEGtexVJNNuQeo6jlGQS0AsUI-ADpXPgnaf, https://lh5.googleusercontent.com/p/AF1QipNT69HA0tIElYK5MsMzu2ijc_SO6xcWX42rEXuO, https://lh5.googleusercontent.com/p/AF1QipOeeVH9vH570tCDf1UPALs3FixhADb_03EC6KbA, ",16.06425,108.22982
Di tích Thành Điện Hải,"36GC+HR5, Đ. Thành Điện Hải, Thạch Thang, Hải Châu, Đà Nẵng 550000, Việt Nam","4,6",38,Đà Nẵng,Bảo tồn di sản,Không có giá,,"https://lh5.googleusercontent.com/p/AF1QipNqmzEcCoQN6RpEvCXmVLFmsY06nLkj2UAWdBIR, https://lh5.googleusercontent.com/p/AF1QipPzPUaMDwcS2pAZPGkRqkV0Qo-zzalIIt5yS8Vl, https://lh5.googleusercontent.com/p/AF1QipPy1O7XKqpAWxlud6BPfRLmmgh_Mqr9RxySgl8, ",16.07639,108.22212
Làng Toom Sara Đà Nẵng,"Phú Túc, Hòa Vang, Đà Nẵng, Việt Nam","4,4",288,Đà Nẵng,None,"3,95 US$",,"https://lh5.googleusercontent.com/p/AF1QipP182rX3Gxw6zzq5yrS6vyJ4aJse-Ju39GrdebK, https://lh5.googleusercontent.com/p/AF1QipPmajH52HyeXtKkCpRkrS9i75D4RQ0yetywpFhW, https://lh5.googleusercontent.com/p/AF1QipOE_17Aq62dpJahOT-EOdGD8lkGr9YbkSxZW4OS, https://lh5.googleusercontent.com/p/AF1QipP2uAFbtIekJk_l2HElaAFqVKO11byyv_5y1H2c, ",15.95742,107.99497
Suối mơ khe răm,"43WH+G6R, Hoà Bắc, Hòa Vang, Đà Nẵng, Việt Nam","4,8",67,Đà Nẵng,Điểm thu hút khách du lịch,Không có giá,,"https://lh5.googleusercontent.com/p/AF1QipOdh0mbkuuQS1kgQHDi6NMprCi5GtKWq3holHcp, https://lh5.googleusercontent.com/p/AF1QipO5svb0fWZ89PJS5vtI9RhgArDnAitGa3j7c3_6, https://lh5.googleusercontent.com/p/AF1QipPBXXlOaIYEGmf0axCqWMhlAz5gTw2wkAFxU4CP, https://lh5.googleusercontent.com/p/AF1QipO3z9FyzB4weFYWpE-WCtkdTrUE1MZ5NbCYOExf, ",16.14636,108.07801
Đỉnh núi Chúa,"XXXP+27M, Hoà Phú, Hòa Vang, Đà Nẵng, Việt Nam","4,6",116,Đà Nẵng,Địa danh,Không có giá,,"https://lh5.googleusercontent.com/p/AF1QipOTyy5kCGxCx9LUIm_F8tMZPVUXYCe0FhIgfXNM, https://lh5.googleusercontent.com/p/AF1QipNPWiAlHPiEdCF8Zea3rq6aaAmOcwJNsTC4moMV, https://lh5.googleusercontent.com/p/AF1QipMKr5vEMm41m8u1hotb8S8b6DtJCzWMWIvB2Uof, https://lh5.googleusercontent.com/p/AF1QipPvkij3WqY_EKEfjOFnMsSsCA33vtde5h37HZW7, ",15.99759,107.98568
Cầu Rồng,"29 Cầu Rồng, An Hải Trung, Sơn Trà, Đà Nẵng 550000, Việt Nam","4,6",1.012,Đà Nẵng,Cầu,Không có giá,,"https://lh5.googleusercontent.com/p/AF1QipMOwuRHUR22RVQrdAZ8ZgtsoPVfeR1hWpfeiyc3, https://lh5.googleusercontent.com/p/AF1QipPblFvX6P2xWjzt4J86Y3_1c4EFhqBfDnzMvzVT, https://lh5.googleusercontent.com/p/AF1QipNpNmNP64jys7r0VQu_QEoweu57nJ31Klv3qDsl, https://lh5.googleusercontent.com/p/AF1QipN9QZsDJUbrNvhtBlmj87fI66T5Yd67B3TX3rTL, ",16.06116,108.22957
Khu Du Lịch Sinh Thái Lái Thiêu,"Hoà Phú, Hòa Vang, Đà Nẵng, Việt Nam","3,8",193,Đà Nẵng,Điểm thu hút khách du lịch,Không có giá,,"https://lh5.googleusercontent.com/p/AF1QipNRoSKm6NuaX1BSq37bLw1QbkoQRaq9sp9E2YY4, https://lh5.googleusercontent.com/p/AF1QipNLY8nUSUD-D3SuoI7HJi9YwJrzC1dwlysuW_c6, https://lh5.googleusercontent.com/p/AF1QipPG5MPVTVCtvREe9SIQtjht42P27bOT7OhTAcTJ, https://lh5.googleusercontent.com/p/AF1QipP-HylIOfyUUNyrkJN-ijATPuGLsOcVuQ5qW2eB, ",15.95620,107.97547
Cây thông Cô đơn,"Đèo Hải Vân, Hoà Hiệp Bắc, Liên Chiểu, Đà Nẵng, Việt Nam","4,6",493,Đà Nẵng,Điểm thu hút khách du lịch,Không có giá,,"https://lh5.googleusercontent.com/p/AF1QipPmw8FqrJtJEVFMlPumX7je7v7ZvBCOXk5gRIiQ, https://lh5.googleusercontent.com/p/AF1QipP7rAgzi9SUR1At6D5uumdv24v7QUJS2f0I07_D, https://lh5.googleusercontent.com/p/AF1QipMxHmHBPnYT4Cu5xCkkNqZqLMyip4bDs1ySNWfi, https://lh5.googleusercontent.com/p/AF1QipMilCxSuiwflS5RIZyT6A-Zcm2WA2Es3zAhjvyb, ",16.16886,108.12631
Khu Du Lịch Sinh Thái Thủy Tiên,"Hoà Hiệp Bắc, Liên Chiểu, Đà Nẵng, Việt Nam","3,7",78,Đà Nẵng,Điểm thu hút khách du lịch,Không có giá,"Ăn tại chỗ, Đồ ăn mang đi, Giao hàng gián tiếp, ","https://lh5.googleusercontent.com/p/AF1QipMfr3kDjdW_RImBu7SmdlFK8zmvdbv3TsJJN-6s, https://lh5.googleusercontent.com/p/AF1QipPClZlii--Xxly0bh_1DwhB9kxHAgHhk3EhPh2x, https://lh5.googleusercontent.com/p/AF1QipNLgSqXspDSB7YJ0rUb6wXwlHBSEV3CVT4fkdUR, https://lh5.googleusercontent.com/p/AF1QipNf1zuSAmdlDPkEH4ujkTrSgqsryhuLAGX41yUg, ",16.15983,108.10730
Suối Hải Đăng,"Unnamed Road, Hoà Hiệp Bắc, Hòa Vang, Đà Nẵng, Việt Nam","4,3",23,Đà Nẵng,Điểm thu hút khách du lịch,Không có giá,,"https://lh5.googleusercontent.com/p/AF1QipPKYtLcNAHrgO-PDUOdIf5mFnOkWBHbgykGdTgv, https://lh5.googleusercontent.com/p/AF1QipOs5Cgv_OTD8mVxqfdhJykcXxXB0n0JIj9qdpqh, https://lh5.googleusercontent.com/p/AF1QipOtmX8PHjZIvHZrY02n0yUgRsi8M87kyIOt7A5g, ",16.14431,108.07466
Chùa Quán Thế Âm,"48 Sư Vạn Hạnh, Hoà Hải, Ngũ Hành Sơn, Đà Nẵng 550000, Việt Nam","4,7",893,Đà Nẵng,Chùa phật giáo,Không có giá,,"https://lh5.googleusercontent.com/p/AF1QipPZLZEWO8DtpMQs6MNGsnUPT00LFG1LnwRQ_33r, https://lh5.googleusercontent.com/p/AF1QipOJz4sZoJyUjO1QGuHINQSEw6PQuJBTIvfrUrz4, https://lh5.googleusercontent.com/p/AF1QipOSLQeVBJ5LhFA_unUIvF-UcA4d7tKWwr1ZcJof, https://lh5.googleusercontent.com/p/AF1QipPK8t8blBecrUqvNUranwz2KV-W4I1PeigJnBab, ",15.99875,108.25514
Vé Bà Nà Hills,"22GM+672, Thôn An Sơn, Hòa Vang, Đà Nẵng 550000, Việt Nam","4,4",6.901,Đà Nẵng,Đại lý du lịch,Không có giá,,"https://lh5.googleusercontent.com/p/AF1QipPQx6YLZYmSBV35bqF6us98Opa881HZX1d6muTs, https://lh5.googleusercontent.com/p/AF1QipPJ4aEJXURQXocilSouCT3owiuNP_5NLzaE10X6, https://lh5.googleusercontent.com/p/AF1QipMXT3vesnIkmuQrLbBhJUGdDtfTKk_g8mFGEE1u, https://lh5.googleusercontent.com/p/AF1QipPvWT9wzY_HwHY5Y8Cb9CBI36aioPy2HSCPlHtA, ",16.02552,108.03315
Biển Phước Mỹ,"36CW+4JQ, Võ Nguyên Giáp, Sơn Trà, Đà Nẵng 550000, Việt Nam","4,8",124,Đà Nẵng,Điểm thu hút khách du lịch,Không có giá,,"https://lh5.googleusercontent.com/p/AF1QipONpE_9H3ua8OpJtnCNbgHTgP4WhX9QOAnvuU9A, https://lh5.googleusercontent.com/p/AF1QipNU99tMcpOWmyveTF0J05_m3wR693w5lJpghh0f, https://lh5.googleusercontent.com/p/AF1QipOrYW8wFMdNCB8r8p1HD49luEDAJMSO7CieDpvx, https://lh5.googleusercontent.com/p/AF1QipOKccPIuJpjwclzfeZRC_afW0AmUNcka84SOnyi, ",16.07033,108.24662
Khu Du lịch Sinh thái Suối Rạng,"474V+98J, Hoàng Sa, Thọ Quang, Sơn Trà, Đà Nẵng, Việt Nam","3,9",233,Đà Nẵng,Điểm thu hút khách du lịch,Không có giá,,"https://lh5.googleusercontent.com/p/AF1QipMrZGPI0G8kPVL-UjkdEdChV-twOGlnFacj4jWz, https://lh5.googleusercontent.com/p/AF1QipNf1qnwyfnCHLbHLOoIsK0eHxeVBbS4DOltI9jL, https://lh5.googleusercontent.com/p/AF1QipOA-DBXc7jKihrUJAeHBFSBvJN3eCfmfDP2eZ6O, ",16.10596,108.29327
Bãi Yên Ngựa,"46XP+535, Thọ Quang, Sơn Trà, Đà Nẵng, Việt Nam","4,2",19,Đà Nẵng,Điểm thu hút khách du lịch,Không có giá,,"https://lh5.googleusercontent.com/p/AF1QipMkLkpz3PPjCUiB5niNIe6JFyqydfTAFxFACe-1, https://lh5.googleusercontent.com/p/AF1QipN3atq0jpjOhoEJJ8c_z8Y_n-1Uv4an_k4zfRr8, https://lh5.googleusercontent.com/p/AF1QipPA3mOumcP5QpIQ3kwnsU8GeaO35uoveB7yNGbO, ",16.14789,108.23522
Cánh đồng hoa hướng dương Đà Nẵng,"W4RX+H4M, Thôn Phú Sơn Nam, Hoà Khương, Hòa Vang, Đà Nẵng, Việt Nam","4,5",10,Đà Nẵng,Điểm thu hút khách du lịch,Không có giá,,,15.94147,108.14780
Thác Thần Mặt Trời,"XXXQ+95C, Hoà Phú, Hòa Vang, Đà Nẵng, Việt Nam","4,6",28,Đà Nẵng,Điểm thu hút khách du lịch,Không có giá,,"https://lh5.googleusercontent.com/p/AF1QipM_dDsDx4rhP-9pvV-t-oAk_LYUEEwRdxkcnNfh, https://lh5.googleusercontent.com/p/AF1QipOeoM1RRotDGXfRb18Zla_Pu8OZejAiyr7e5N9w, https://lh5.googleusercontent.com/p/AF1QipPjWpiqFgFtBrvVuH6-2Vzop0UwXyNXUTFdFvZz, https://lh5.googleusercontent.com/p/AF1QipOA2aX-7hJ9gG8HLByAEJI5hL24RE7I-7_a_Kv7, ",15.99843,107.98788
Khu du lịch sinh thái hoà phong,"X4HC+P8H, Cẩm Toại Tây, Hoà Phong, Hòa Vang, Đà Nẵng, Việt Nam","4,6",11,Đà Nẵng,Điểm thu hút khách du lịch,Không có giá,,,15.97932,108.12085
Bãi tắm Thọ Quang,"37X4+M56, Hoàng Sa, Thọ Quang, Sơn Trà, Đà Nẵng, Việt Nam","4,5",34,Đà Nẵng,Điểm thu hút khách du lịch,Không có giá,,"https://lh5.googleusercontent.com/p/AF1QipPZIo-A2qGdC9JwNC5GBHU4i0uPrBlMPkQ3Oarr, https://lh5.googleusercontent.com/p/AF1QipNZ2_J0QhFF7UA6pG9ahMzYy3z6y1M2etf779-L, https://lh5.googleusercontent.com/p/AF1QipMooD1LMAesqzG3A42KJKiqqeP7I6XrjBLR00vc, https://lh5.googleusercontent.com/p/AF1QipPmdTWWf-ZTahgHefMo8tokxjFeEKd9dmeIL_sR, ",16.09917,108.25540
Động Huyền Không,"2736+WM6, Hòn Thủy Sơn, Hoà Hải, Ngũ Hành Sơn, Đà Nẵng 550000, Việt Nam","4,7",282,Đà Nẵng,Điểm thu hút khách du lịch,Không có giá,,"https://lh5.googleusercontent.com/p/AF1QipOo1Ozg92q_3lcpKBSbwT0isP4KjoHo9Yg1uV27, https://lh5.googleusercontent.com/p/AF1QipPnQ1oz7km59e5X0QaEyRPswco01CWBnadTR-mm, https://lh5.googleusercontent.com/p/AF1QipMOrgG1VoRDZSIJ0dn0C4MFzbvU9GBuMzcDz6qG, https://lh5.googleusercontent.com/p/AF1QipPi4_a3m1uebmuM03UszjiCF8o3V2xmYg7G9Rj0, ",16.00478,108.26165
Khu du lịch sinh thái Suối Hoa,"QL14G, Hoà Phú, Hòa Vang, Đà Nẵng, Việt Nam","3,5",77,Đà Nẵng,Điểm thu hút khách du lịch,Không có giá,,"https://lh5.googleusercontent.com/p/AF1QipNmSd5qfYOmnZZE0sOsrYoERvpRwVFbVii_KMoc, https://lh5.googleusercontent.com/p/AF1QipOeUvcQUY3ltPSMSjTOfqNeCKR7qA4xPpm3RwG_, https://lh5.googleusercontent.com/p/AF1QipNMMo8PovmpYbnCuTMZBJcv6iVYlp_zdWqhvmVc, https://lh5.googleusercontent.com/p/AF1QipNvzZj2f8KaIU4P52cJbDBDntcNvJH-32y_tDdi, ",15.95841,107.99502
Khu sinh thái Mẹ Ken,"Thôn Trung Nghĩa, Hoà Ninh, Hòa Vang, Đà Nẵng, Việt Nam","4,9",100,Đà Nẵng,Điểm thu hút khách du lịch,Không có giá,,"https://lh5.googleusercontent.com/p/AF1QipM8wyNeXluxV8Lnpra77p5JwoRotRIY7BwnGZAH, https://lh5.googleusercontent.com/p/AF1QipOfqNgOGDC5I5AWe7W482xAjCrg2kDsCCrF3XDe, https://lh5.googleusercontent.com/p/AF1QipOYUrwVKGgVn8clKCoERwI-sEOmrUj5CuZQn6Kn, ",16.04657,108.05861
Đà Nẵng,Không có địa chỉ,Chưa xét,0,Đà Nẵng,None,Không có giá,,,16.06349,107.55513
Khu du lịch sinh thái Khe Suối Cày,"khe suối Cày đà nẵng, Đà Nẵng, Việt Nam","4,0",5,Đà Nẵng,Điểm thu hút khách du lịch,Không có giá,,"https://lh5.googleusercontent.com/p/AF1QipNQJbLKpwnJyF0axHpAGrCjTDDNYFATgNWhgxiH, https://lh5.googleusercontent.com/p/AF1QipPZzb-h41NvQh5uC4fyR0War6ShBldfcmw8taLs, ",16.14659,108.02015
Bảo tàng Mỹ thuật Đà Nẵng,"78 Đ. Lê Duẩn, Thạch Thang, Hải Châu, Đà Nẵng 550000, Việt Nam","4,4",983,Đà Nẵng,Bảo tàng nghệ thuật,Không có giá,,"https://lh5.googleusercontent.com/p/AF1QipMhHD8Vd_sobSHFfzymhzdVFScwDroyjVKHO4_r, https://lh5.googleusercontent.com/p/AF1QipNiaywFlTrukJynDS27XJ1K4B1LvP7jrqOBBGaj, https://lh5.googleusercontent.com/p/AF1QipNJQV3vUsBj27svWxB15b9FqxaKcCf4IEV3bvqM, https://lh5.googleusercontent.com/p/AF1QipPwvxcfhaKY5EuEAXfqeTgaHDPjxYs6r2yLVAX-, ",16.07119,108.21794
Kinh thành Huế,"Huế, Thừa Thiên Huế, Việt Nam","4,5",36.013,Thừa Thiên Huế,Địa điểm lịch sử,"7,91 US$",,"https://lh5.googleusercontent.com/p/AF1QipPwzctBG4tLrp61Yw2sOD5e_DowjtK7vuqrQ50C, https://lh5.googleusercontent.com/p/AF1QipNAMQQ0K3ZpfTosdGGnjwGVeYwIi36XUeek94w7, https://lh5.googleusercontent.com/p/AF1QipPrLJ4q0MLFVPls_OrOgG2fXy6HkdqHtLtiQxsv, https://lh5.googleusercontent.com/p/AF1QipOKSzehF-9pM-q4KHleUfJddO_sD_7h1Soa8zMS, ",16.47694,107.57396
Đồi Vọng Cảnh,"102 Huyền Trân Công Chúa, Thủy Biều, Huế, Thừa Thiên Huế, Việt Nam","4,6",1.805,Thừa Thiên Huế,Công viên,Miễn phí,"Cho phép mang theo chó, ","https://lh5.googleusercontent.com/p/AF1QipONXTOToewSBhUfGeS72M2TOnRXxVbOkl0e5_re, https://lh5.googleusercontent.com/p/AF1QipP6XyBfvoU4E0xQQxc-b6u9ydWBwrbFDH_LtTuu, https://lh5.googleusercontent.com/p/AF1QipMvME2-7wxsoOGZNYXIFOdvm0ugOnbKSogdb55H, https://lh5.googleusercontent.com/p/AF1QipMfTMww_wVfBkvpXKnD1SOtlim5G6KecK9LAblf, ",16.42725,107.56522
Trường Du Tạ,"75 Lê Huân, Phú Hậu, Huế, Thừa Thiên Huế, Việt Nam","4,8",10,Thừa Thiên Huế,Điểm thu hút khách du lịch,Không có giá,,"https://lh5.googleusercontent.com/p/AF1QipMEb7m8a85AgtQBTCwqqflTft77ktfdgm50Eu5C, https://lh5.googleusercontent.com/p/AF1QipPfCYyMVXKSjAhhcd7QPPEI-7cq5-rN6-LzEFkg, https://lh5.googleusercontent.com/p/AF1QipN3UhJj7tXEM4lCI9nMCLRswvK0o6FTc7rDD2DW, https://lh5.googleusercontent.com/p/AF1QipO2dXcDRyEKs97tnGX7RJtVe9hl4IoLVFDdr8XY, ",16.46919,107.57568
Chùa Thiên Mụ,"Huế, Hương Hòa, Huế, Thừa Thiên Huế 530000, Việt Nam","4,5",14.983,Thừa Thiên Huế,Chùa phật giáo,Miễn phí,,"https://lh5.googleusercontent.com/p/AF1QipOJRHZjnydB35NX0H0-tUEMbCAGUXb4EnlpMbgw, https://lh5.googleusercontent.com/p/AF1QipNjH8PEUgtFqVIxK6F_cTXGrn5ACOuskCRXPUt5, https://lh5.googleusercontent.com/p/AF1QipMzwwo8KJCkZCBKWbB8kUDxoj74JvBPUjlaWcBf, https://lh5.googleusercontent.com/p/AF1QipOIdUKISmvqSYPi80sFj-iLxksUWtwSTsjZKXg3, ",16.45311,107.54491
Phố đêm Hoàng thành Huế,"81 Lê Huân, Thuận Hoà, Huế, Thừa Thiên Huế, Việt Nam","4,5",17,Thừa Thiên Huế,Điểm thu hút khách du lịch,Không có giá,,"https://lh5.googleusercontent.com/p/AF1QipOcjV-Ucy5Z5e3PdJJYeoBh1Fhjm565jjTMwz73, https://lh5.googleusercontent.com/p/AF1QipPgyS2P7EDa3PNPgAcM_R79-5Ct1oiBhJcUYSj8, ",16.46850,107.57410
Đông Khuyết Đài,"FH9H+9CQ, Cửa Hiển Nhơn, Đại Nội Huế, Đoàn Thị Điểm, Phú Hậu, Huế, Thừa Thiên Huế 530000, Việt Nam","4,6",71,Thừa Thiên Huế,Điểm thu hút khách du lịch,Không có giá,,"https://lh5.googleusercontent.com/p/AF1QipP0yVUGJ4m1LKFnmTVnElSWoJfDHvEWH8D0dC8p, https://lh5.googleusercontent.com/p/AF1QipM138B7g8McbwofyqUUoiteC2FCjTQk_rsQVffA, https://lh5.googleusercontent.com/p/AF1QipO_nfD41bx1khjlqj5PcILTz6DCpaPZjC8fBie-, https://lh5.googleusercontent.com/p/AF1QipMe1UbBaX66jSBxORr1uam-_zCTcILp5uIH3Bxb, ",16.47154,107.58001
Làng Sình,"GHFH+W4M, Lại Ân, Phú Vang, Thừa Thiên Huế, Việt Nam","4,6",40,Thừa Thiên Huế,Điểm thu hút khách du lịch,Không có giá,,"https://lh5.googleusercontent.com/p/AF1QipMDCh43v_fRFty0bp6DYF3KZIXQ-WLtMenu1XU, https://lh5.googleusercontent.com/p/AF1QipOWdFQ3juGM3TU2TD-FgZQw3HDbsMK5d_l5Sq4k, ",16.52485,107.57779
Kỳ Đài,"FH8J+G47, Thuận Hoà, Huế, Thừa Thiên Huế, Việt Nam","4,6",655,Thừa Thiên Huế,Điểm thu hút khách du lịch,Không có giá,,"https://lh5.googleusercontent.com/p/AF1QipNFCrxLMTIL2_xM28WW1bfx8vDEKkXe6an505If, https://lh5.googleusercontent.com/p/AF1QipNQpv-8ZiJ9wKKUVKHIckVRurbLbVMJ4fE4nchV, https://lh5.googleusercontent.com/p/AF1QipPu1Nngsw8WNZoqn5LT2gM62OYgnNUfcZZbhqtm, https://lh5.googleusercontent.com/p/AF1QipOlkd_ZpWREGIk7q9g4AYwK_E1PoiU2gqncyEsv, ",16.46629,107.58029
Cửu vị Thần công,"FH9J+5FH, P, Huế, Thừa Thiên Huế, Việt Nam","4,4",219,Thừa Thiên Huế,Điểm thu hút khách du lịch,Không có giá,,"https://lh5.googleusercontent.com/p/AF1QipM0go0AM77RzGHm4HUdIJ7QrWCf1gCxetiGQfew, https://lh5.googleusercontent.com/p/AF1QipMq2Cf_AgBd0vCWSmMmgXxy2GnSb_kwQS9ggTFE, https://lh5.googleusercontent.com/p/AF1QipMQDj_OPRBj_ajPdyzaPW2J5-m8aL1Ldg3LPpLU, https://lh5.googleusercontent.com/p/AF1QipPKC4-fwNK6Qc1kjmdchFAw3l-adWQD0WekNvks, ",16.46793,107.58123
Phố đi bộ Nguyễn Đình Chiểu,"Nguyễn Đình Chiểu, Phú Hội, Huế, Thừa Thiên Huế, Việt Nam","4,5",1.349,Thừa Thiên Huế,Điểm thu hút khách du lịch,Không có giá,,"https://lh5.googleusercontent.com/p/AF1QipPIkQYP0oFQOtg3fbPIVaqK5rNg4E20R0pUzPPb, https://lh5.googleusercontent.com/p/AF1QipPu0iVyKrh_39saMpRd6MsN7rMSZejuzcTK1EVI, https://lh5.googleusercontent.com/p/AF1QipPQKNsq7HBuBTQNZXLREX-G5l71JQvLuJXQxqaL, https://lh5.googleusercontent.com/p/AF1QipMX2DmaBuTvXyGc-3VYMlS26MhIJQHnXSYbS8_l, ",16.46696,107.58904
Phố đi bộ Huế,"Chu Văn An, Phú Hội, Huế, Thừa Thiên Huế, Việt Nam","4,4",1.590,Thừa Thiên Huế,Điểm thu hút khách du lịch,Không có giá,,"https://lh5.googleusercontent.com/p/AF1QipNcK0iWbY665AuIUEeYC8TxdCb1ZBxqltUyrbkm, https://lh5.googleusercontent.com/p/AF1QipMJEhVNnkrRgAnpNudYlf4VyBNThxuv6eunM1KQ, https://lh5.googleusercontent.com/p/AF1QipMXnxzVdIo4x_vtQmawPZn2DJK0nwZ33H9bdL9z, https://lh5.googleusercontent.com/p/AF1QipMiZV9BGJKA_Gyrw9EyD42coNbCHq8Syebg9ulT, ",16.46864,107.59533
Nghinh Lương Đình,"Nghinh Lương Đình, Lê Duẩn, Phú Thuân, Huế, Thừa Thiên Huế, Việt Nam","4,8",58,Thừa Thiên Huế,Điểm thu hút khách du lịch,Không có giá,,"https://lh5.googleusercontent.com/p/AF1QipMEXhYkcU_kchia72AmKRpFSosUR251tdEZjypK, https://lh5.googleusercontent.com/p/AF1QipPueYXRiz3mGgfdaCLnCgtoNB1gHUYJ6LQlQxM, https://lh5.googleusercontent.com/p/AF1QipOuJMoB6GkI61Oh22T7iel1yHAmbJ7GGk50wbnm, ",16.46478,107.58145
Hoàng Thành Huế,"FH9G+PX2, Lê Huân, Phú Hậu, Huế, Thừa Thiên Huế, Việt Nam","4,4",579,Thừa Thiên Huế,Điểm thu hút khách du lịch,Không có giá,,"https://lh5.googleusercontent.com/p/AF1QipMfEEvTGBjsakC-s1tWqwtjrTVWnbGdKzKZWJGp, https://lh5.googleusercontent.com/p/AF1QipNLUUsOJNUT4gtFkox-1nyB1ZHZuM00NltRo758, https://lh5.googleusercontent.com/p/AF1QipNglFiY145XuEEutrAIXtSVjeqDYuGgGtiv_QmQ, https://lh5.googleusercontent.com/p/AF1QipNee_JXOJu0eTUP_pFM6KoZE-208KguHCkn-TIL, ",16.46953,107.57743
Phố đi bộ Hai Bà Trưng,"FH6Q+8M5, Hai Bà Trưng, Vĩnh Ninh, Huế, Thừa Thiên Huế, Việt Nam","4,4",92,Thừa Thiên Huế,Điểm thu hút khách du lịch,Không có giá,,"https://lh5.googleusercontent.com/p/AF1QipOXAR3HwpOKAiRQDlrBVOwCk2ZcH_sgcqqY54tq, https://lh5.googleusercontent.com/p/AF1QipPuPz3rO7VT9tezcSaWCSinR0s-EGIFAGlRgbkq, ",16.46077,107.58925
Cung Diên Thọ,"75 Lê Huân, Phú Hậu, Huế, Thừa Thiên Huế, Việt Nam","4,5",186,Thừa Thiên Huế,Điểm thu hút khách du lịch,Không có giá,,"https://lh5.googleusercontent.com/p/AF1QipNRm6OnvcT3bPeTrZVW8JnUUmOVb43NBgdMYzhw, https://lh5.googleusercontent.com/p/AF1QipMdo0K_o2hWk1Q0tVlfH42euPZROxAtdY3Rc03A, https://lh5.googleusercontent.com/p/AF1QipPMX3hhXmiAsqkzvZKeR4zA4itVBaoS47iUqfUv, https://lh5.googleusercontent.com/p/AF1QipP5piFdyyMfVX51Yftz1S4dXGL0dTQbtd-6ttIO, ",16.46886,107.57534
Làng Hương Thuỷ Xuân,"62 Huyền Trân Công Chúa, Thủy Xuân, Huế, Thừa Thiên Huế, Việt Nam","4,3",346,Thừa Thiên Huế,Điểm thu hút khách du lịch,Không có giá,,"https://lh5.googleusercontent.com/p/AF1QipNf9zoyQKz4c0ZYgY1wFCSMFyTdLtjetoXt5l0w, https://lh5.googleusercontent.com/p/AF1QipNw57mkaMa5v0MxluXsIYcA4rJZo3ph9cJ21IW_, https://lh5.googleusercontent.com/p/AF1QipOvzlhKLJy7YILigQtYkJxXyvGKvLeYPCYAMEU, ",16.43550,107.56224
Nhà vườn An Hiên,"58 Nguyễn Phúc Nguyên, Hương Long, Huế, Thừa Thiên Huế, Việt Nam","4,0",836,Thừa Thiên Huế,Điểm thu hút khách du lịch,Không có giá,,"https://lh5.googleusercontent.com/p/AF1QipNAhXyL1g_CUa6mVqxogBk_OLb-oKFBvnbpQISA, https://lh5.googleusercontent.com/p/AF1QipMK8Yr9NEp0yngKuyrEgtlsiFk07K1sBYrtnRj_, https://lh5.googleusercontent.com/p/AF1QipO2nXwve1Djb3m2ioJLLuSJ4_5qyvIZyV6ZJ78w, ",16.45531,107.55377
Lăng Tự Đức,"Cầu Đông Ba, thôn Thượng, Huế, Thừa Thiên Huế 530000, Việt Nam","4,5",7.565,Thừa Thiên Huế,Điểm mốc lịch sử,Không có giá,,"https://lh5.googleusercontent.com/p/AF1QipPRJCT4wknSIcutWpjPQ78I96NhXKqPQEbQGyki, https://lh5.googleusercontent.com/p/AF1QipNPAGGs6e8CYo0Ogi6HU1kBe_cDeYuVDQyAgT4K, https://lh5.googleusercontent.com/p/AF1QipMOXDa5kVkJYzLI1Lr8kblgEhTtUjXuGt5hc1EA, https://lh5.googleusercontent.com/p/AF1QipM-gj1ffM115qj9EN19t4ermMCy0jS13puHeFZ_, ",16.43301,107.56643
Đại Nội,"Phú Hậu, Tp. Huế, Thừa Thiên Huế, Việt Nam","4,5",15.948,Thừa Thiên Huế,Địa điểm lịch sử,"6,52 US$",,"https://lh5.googleusercontent.com/p/AF1QipPX4y_T1lNPrLI3XrpsU99niylTNSriX20bdGAW, https://lh5.googleusercontent.com/p/AF1QipPLnZw5zVTo9jJE5uy0NqWInk7FkEMJKZPUNd6I, https://lh5.googleusercontent.com/p/AF1QipMOyGaTKiugo1gd23g5brHo6SEm8j1pGaH2J20N, https://lh5.googleusercontent.com/p/AF1QipNhXCyHwIRRhZJefMTU2VJyW9SBn4N4Wo7ofkHu, ",16.46845,107.57859
Phố cổ Bao Vinh,"Phố cổ, Bao Vinh, Hương Vang, Hương Trà, Thừa Thiên Huế, Việt Nam","4,6",78,Thừa Thiên Huế,Điểm thu hút khách du lịch,Không có giá,,"https://lh5.googleusercontent.com/p/AF1QipOzqiDNmc0OA5OT6izrKYoS5PEpgiB8UYxAKJiE, https://lh5.googleusercontent.com/p/AF1QipMhJmGV5ohWGDgj_LlLf596A5KkJOOl1Uup4-c7, ",16.49513,107.57707
Hồ Thuỷ Tiên,"CH5H+5CG, hồ Tiên, Thủy, Thủy Bằng, Hương Thủy, Thừa Thiên Huế, Việt Nam","4,5",1.364,Thừa Thiên Huế,Điểm thu hút khách du lịch,Miễn phí,,"https://lh5.googleusercontent.com/p/AF1QipOkrBQOYHAtn-N2ABntY5lG06xoyfKVrALCJs_Y, https://lh5.googleusercontent.com/p/AF1QipOzi09y9KeniJ5xONOxA1EW7VfttUsHOtz3hwa3, https://lh5.googleusercontent.com/p/AF1QipM_3ecE0kPsbhroQOjQw6g4FylnG0hEwnSNs7w, https://lh5.googleusercontent.com/p/AF1QipMQmgKbRrREisNJX9-6QhZteGxHX4FOemvhMQ-g, ",16.40793,107.57857
Chùa Từ Hiếu,"CHP9+HVR Duong Xuan Thuong III village, Thủy Xuân, Huế, Thừa Thiên Huế, Việt Nam","4,8",1.394,Thừa Thiên Huế,Chùa phật giáo,Miễn phí,,"https://lh5.googleusercontent.com/p/AF1QipPpxc62OuL9qOs-zrtVViLGn4WmQoJYkLJLwq5I, https://lh5.googleusercontent.com/p/AF1QipNEJLzISXUBnBRSK6269c1DXhhSiePewrwnVIY0, https://lh5.googleusercontent.com/p/AF1QipNsGnMo26yoiZlwGv76cFrL0q0m9T16_U6fjOhs, https://lh5.googleusercontent.com/p/AF1QipMZpo9YFN73RTLZW9_hmYix2MC_YR2S7BuxD9SL, ",16.43888,107.57203
Ngự Thuyền,"FH7J+QJW, Lê Duẩn, Phú Thuân, Huế, Thừa Thiên Huế, Việt Nam","4,4",44,Thừa Thiên Huế,Điểm thu hút khách du lịch,Không có giá,,"https://lh5.googleusercontent.com/p/AF1QipPqPuG5JNNXkoviIADADOTy9lJ6ccI2F-yvYA2J, https://lh5.googleusercontent.com/p/AF1QipO8MNSDrP5kTTuNpUnd3qxSqrvo9Ecj1PR6bgHU, https://lh5.googleusercontent.com/p/AF1QipPUraB8oAiOVkHEmmg302Ul6BvHmAf6qdlvUlnh, ",16.46448,107.58158
Chùa Diệu Đế,"FHHP+5X5, Bạch Đằng, Phú Cát, Huế, Thừa Thiên Huế, Việt Nam","4,6",271,Thừa Thiên Huế,Chùa phật giáo,Không có giá,,"https://lh5.googleusercontent.com/p/AF1QipMiMYVGTh7A9TJvLwVebQ8yWKd4gilBAdZRr54k, https://lh5.googleusercontent.com/p/AF1QipMhsRL8XFF49p848sHQKOJS6AQs7yshFnaR77Bb, ",16.47789,107.58750
Điện Hòn Chén,"CHC7+Q5H, Làng Hải Cát, Hương Trà, Thừa Thiên Huế, Việt Nam","4,4",213,Thừa Thiên Huế,Điện thờ,Không có giá,,"https://lh5.googleusercontent.com/p/AF1QipOVWKxRCKV0q_9R7UruOyJepn-QIz8ABblxB_Q5, https://lh5.googleusercontent.com/p/AF1QipMnGNJTwtqlJrmZyYKk5MVw9aSSBSkDj-zbjYN8, https://lh5.googleusercontent.com/p/AF1QipO3MDuAwfgRNvHpTI6DSXQ3hsGXa3_yFya1jerh, ",16.42193,107.56297
Phu Văn Lâu,"FH8J+59V, Lê Duẩn, Phú Thuân, Huế, Thừa Thiên Huế, Việt Nam","4,6",450,Thừa Thiên Huế,Địa điểm lịch sử,Không có giá,,"https://lh5.googleusercontent.com/p/AF1QipN8iUxg-dK-i0XlrCRK80iZBKk75ucVBAkFG02n, https://lh5.googleusercontent.com/p/AF1QipNNDFeW4QX24rte7EixZXtskeuEPS4toZF4WMDN, https://lh5.googleusercontent.com/p/AF1QipM7BNJRg6OxpxiTDCCPHjNiKOKty4q314hOHCDO, https://lh5.googleusercontent.com/p/AF1QipNwvj36UR_a3f2BLp9gpMzMFgTYc5PhYjyTvPDQ, ",16.46548,107.58092
Đồi Ngọc Linh,"CH4R+C2P, Châu Chữ, Hương Thủy, Thừa Thiên Huế, Việt Nam","4,1",68,Thừa Thiên Huế,Điểm thu hút khách du lịch,Không có giá,,"https://lh5.googleusercontent.com/p/AF1QipMLNI-X2jU1GDdMOAVdD_FjXmb490i1wl7Zy-wB, https://lh5.googleusercontent.com/p/AF1QipPsP9dxKlO5JbhhXy9-MVDXCLRrfk3X8wt-bnlS, https://lh5.googleusercontent.com/p/AF1QipOaZ7pJJURKBe73JfWDNU83UCiVu8AEXPkYWhMF, ",16.40610,107.59009
Chùa Từ Đàm,"1 Sư Liễu Quán, Trường An, Huế, Thừa Thiên Huế, Việt Nam","4,6",778,Thừa Thiên Huế,Chùa phật giáo,Không có giá,,"https://lh5.googleusercontent.com/p/AF1QipM1Wo1xAV5dTRAupNEF4S-S5tA8cWMuya_00sr1, https://lh5.googleusercontent.com/p/AF1QipPxZy2YKpO9qGmqwipY28MMk64QgILLwQb8AMFs, https://lh5.googleusercontent.com/p/AF1QipPnTJroHCYAq2DgT34XZtpV6Tx1v2JWViCzHgVn, https://lh5.googleusercontent.com/p/AF1QipORhPSF_NJzgQCeYo0ZtCb8DI1mF31BVw_bWYEL, ",16.45174,107.58155
Vườn Cơ Hạ,"FH9H+9CQ, Đoàn Thị Điểm, Phú Hậu, Huế, Thừa Thiên Huế, Việt Nam","4,6",84,Thừa Thiên Huế,Công viên,Không có giá,,"https://lh5.googleusercontent.com/p/AF1QipOjAkxVu8wA1fHhNGM6o6_le0ffeeMkN4mwc58Y, https://lh5.googleusercontent.com/p/AF1QipMHOwzj9r1rIM9Hzrz8sPGT2sXK0hOTKZekFdGJ, https://lh5.googleusercontent.com/p/AF1QipMR3n8ujoJ88tpWJEM_gTbWCoLsoszdbDtV1vj9, https://lh5.googleusercontent.com/p/AF1QipNU1viJIcCjVtthS9kiyjGrUnUAoQBEWEgHB4iC, ",16.47177,107.57887
Lăng Khải Định,"xã Thủy Bằng, huyện Hương Thuỷ Huế Thua Thien-Hue Province, 530000, Việt Nam","4,4",13.075,Thừa Thiên Huế,Bảo tàng địa danh lịch sử,Không có giá,,"https://lh5.googleusercontent.com/p/AF1QipNp5Wt28b0ptaQh4_6MOu7Dg8KKxzf9y6xqC9TP, https://lh5.googleusercontent.com/p/AF1QipOhmAyheIzKjldBY8HAeJ4P8mv8ppFMHBm4cPFu, https://lh5.googleusercontent.com/p/AF1QipPOd_5iJRVp65ax76J-cKGzwqKLdo4-Jlb9l2Sr, https://lh5.googleusercontent.com/p/AF1QipPlfc_MT64DCjSEGISnUIXS9OY-OWqMlO2R-HcS, ",16.39902,107.59036
Bảo tàng Cổ vật Cung đình,"03 Lê Trực, Phú Hậu, Huế, Thừa Thiên Huế, Việt Nam","4,5",1.141,Thừa Thiên Huế,Bảo tàng,"1,98 US$",,"https://lh5.googleusercontent.com/p/AF1QipMEmsGmvGcGyST69Amz4OoANuNF3-tB_nkYmCRE, https://lh5.googleusercontent.com/p/AF1QipO9cN7mbAcYMXlnnhi5MjI36jqhDgJwITuLWjoA, https://lh5.googleusercontent.com/p/AF1QipPD4V78mY-fllpytMs6Rm7WivYOiGmcEM3Vdtih, https://lh5.googleusercontent.com/p/AF1QipOp20WaZnsxRd8ghDVw-Aw8CEjLEGX6VCTadEWt, ",16.47134,107.58208
Cung An Định,"179 Phan Đình Phùng, Phú Nhuận, Huế, Thừa Thiên Huế, Việt Nam","4,5",2.023,Thừa Thiên Huế,Điểm thu hút khách du lịch,Không có giá,,"https://lh5.googleusercontent.com/p/AF1QipPLFC224br29yPw_IHdKl4rin-E6_pkRyjtw_gN, https://lh5.googleusercontent.com/p/AF1QipMZ9ej5zJmqefA-r4woJuGiFiWlekzx7TsSJlJp, https://lh5.googleusercontent.com/p/AF1QipNtOV3iWWq1XnzVXkPGijBDHe6CbZykHpWBktSO, https://lh5.googleusercontent.com/p/AF1QipPpNHEULpb4FqNg49fZEUdhCQYIKTT6je40gPQe, ",16.45666,107.59828
Cây Ngô Đồng - Phim trường Mắt Biếc,"GFQH+59F, Thôn Hà cảng, Quảng Điền, Thừa Thiên Huế 530000, Việt Nam","4,6",176,Thừa Thiên Huế,Điểm thu hút khách du lịch,Không có giá,,"https://lh5.googleusercontent.com/p/AF1QipOOo4mq4W5Q6H1HllKfGMSUsSO2_-WOYjtWb8LD, https://lh5.googleusercontent.com/p/AF1QipOzxS33g_-h6EMs8xZpFsYrd3E-1kZyMwoxh-b-, https://lh5.googleusercontent.com/p/AF1QipOkuc349FKWfy7JAUADAH4GNHbMTllYYd250xYq, ",16.53794,107.47844
Công viên Thương Bạc,"đường Trần Hưng Đạo, Phú Hoà, Huế, Thừa Thiên Huế, Việt Nam","4,6",855,Thừa Thiên Huế,Công viên,Không có giá,"Cho phép mang theo chó, ","https://lh5.googleusercontent.com/p/AF1QipPItjY4Spy64C5YQFM3pjmDSH-LW31es2uS2I1n, https://lh5.googleusercontent.com/p/AF1QipN0PSJBIsP3WWP_dA2C8X_zMK2F5Zx4wtXDQ4O9, https://lh5.googleusercontent.com/p/AF1QipPl8FoRTwAOeKXxXJgBKylbpxv16rucX0GcGQf8, https://lh5.googleusercontent.com/p/AF1QipPUK2fhLXNJg3mDVmAJLqImslXgkY5s4VYHFOOF, ",16.46882,107.58605
KHÔNG GIAN VĂN HÓA NGHỀ TRUYỀN THỐNG HUẾ VƯỜN THIỆU PHƯƠNG,"FHCH+C8R, Phú Hậu, Huế, Thừa Thiên Huế, Việt Nam","5,0",24,Thừa Thiên Huế,Điểm thu hút khách du lịch,Không có giá,,"https://lh5.googleusercontent.com/p/AF1QipNWkeKVPCCcQOVCRBMGwjpcATjTK2mujQYhXwY6, https://lh5.googleusercontent.com/p/AF1QipOd4sR31Osxrj6pLw9XZD_S2NjIPiKP-KK5O_e_, https://lh5.googleusercontent.com/p/AF1QipNryVaQS9jIi6T1zFLDiVMMVTttopnVtdV-yqEB, ",16.47112,107.57826
Phố tây Huế,"29 Chu Văn An, Phú Hội, Huế, Thừa Thiên Huế, Việt Nam","4,4",272,Thừa Thiên Huế,Điểm thu hút khách du lịch,Không có giá,,"https://lh5.googleusercontent.com/p/AF1QipProOn3b5hlrfDSIKzBj1jCnhXC-OdDKPsiVaUi, https://lh5.googleusercontent.com/p/AF1QipMwWwWh8T5v3MEol7PQ0qdmEzSsvqyp5vXz7Oyp, https://lh5.googleusercontent.com/p/AF1QipNIX_oytda3FAtL3dOmqJxarqTaF0bV28eQLYo1, https://lh5.googleusercontent.com/p/AF1QipN1zr4Lvr_0FRlf_5fvAppxqMVifU3GpsrkRx3l, ",16.46982,107.59539
Thiên Thọ Lăng - lăng mộ Gia Long Đế,"Hương Thọ, Hương Trà, Thừa Thiên Huế, Việt Nam","4,7",795,Thừa Thiên Huế,Địa điểm lịch sử,Không có giá,,"https://lh5.googleusercontent.com/p/AF1QipM6Zy3TaN51yuwJHCAVzn-s4vicD6-nlgx-ZMaf, https://lh5.googleusercontent.com/p/AF1QipMYti7fZj9Wl3CV-sMwVnzvAZuggjMp0-s9SGmx, https://lh5.googleusercontent.com/p/AF1QipOu6ROwf-woB32jcdIsyMJySNhPTE7Z5ENDQVSe, https://lh5.googleusercontent.com/p/AF1QipM14R9UJ78oSAAs2f2HtA28165Axh8DQfCJ4W64, ",16.36191,107.59655
Tư Lăng - Lăng mộ Đồng Khánh Đế,"CHH9+XXH, Đoàn Nhữ Hải, Thủy Xuân, Huế, Thừa Thiên Huế, Việt Nam","4,5",262,Thừa Thiên Huế,Địa điểm lịch sử,Không có giá,,"https://lh5.googleusercontent.com/p/AF1QipMGFcr4gI38qq4oxioR15fUYkjK1UHIH8MV1V_j, https://lh5.googleusercontent.com/p/AF1QipOfoOr4heI1642BrpF5KYbiUrJj_u1Ysm-Hiepj, https://lh5.googleusercontent.com/p/AF1QipNG2dZZ9z8sJwGtl1uC59A7S-PFVH9SXfj8Z18, https://lh5.googleusercontent.com/p/AF1QipOGIkHf07IpcawNssgNHbY-73i44M1bJynv20E3, ",16.42993,107.57000
Tam Tòa,"FHCM+GMC, Tống Duy Tân, Phú Hậu, Huế, Thừa Thiên Huế, Việt Nam","4,6",14,Thừa Thiên Huế,Địa điểm lịch sử,Không có giá,,,16.47132,107.58413
Ngọ Môn,"FH9H+3MF, Phú Hậu, Huế, Thừa Thiên Huế, Việt Nam","4,6",1.539,Thừa Thiên Huế,Tượng đài,Không có giá,,"https://lh5.googleusercontent.com/p/AF1QipNC4hNOAViUD9SU2Ou54aTS2DdoyqU_9NPSUkbg, https://lh5.googleusercontent.com/p/AF1QipO3mENvMaCzFhyc6JTVFxothoK2TZx-j7eOc-jU, https://lh5.googleusercontent.com/p/AF1QipNwQPM-kpo7lSp4gJVFNdO4cpGelAJ0-R-NsEzu, https://lh5.googleusercontent.com/p/AF1QipPjaEL4NRJauTWnUZYaY5TanUDzTho4PkwZ5427, ",16.46769,107.57917
Edufarm - phố cổ Bao Vinh,"GH5F+V7P, Triều Sơn Nam, Hương Trà, Thừa Thiên Huế, Việt Nam","4,4",101,Thừa Thiên Huế,Điểm thu hút khách du lịch,Không có giá,,"https://lh5.googleusercontent.com/p/AF1QipOAciP0_XWk2VdQ9oCj_qVoJtivjDwEdAZh4wKw, https://lh5.googleusercontent.com/p/AF1QipP6FrqGsgpS9jCfeVcfnijicX-FaBqldlXjo79p, ",16.50932,107.57415
Điện Khôn Thái,"FHCG+5RJ, Phùng Hưng, Phú Hậu, Huế, Thừa Thiên Huế, Việt Nam","4,5",43,Thừa Thiên Huế,Điểm thu hút khách du lịch,Không có giá,,"https://lh5.googleusercontent.com/p/AF1QipMRdkh57h9Yip4t2J2Y_iPFUrhY73um_fPyBGAA, https://lh5.googleusercontent.com/p/AF1QipMKOvYdBTpKhSLg2pI4uS_fD_5zbzkAeL1yPXTT, https://lh5.googleusercontent.com/p/AF1QipNmdYqdUJ05kbo98qHO4yF0-Bcz5_X3sm1flcVQ, https://lh5.googleusercontent.com/p/AF1QipPixF2LA1Asj__OkITulZbnnsaK2Tk8iX3A-eIl, ",16.47045,107.57701
Hổ Quyền,"373 Bùi Thị Xuân, Phường Đúc, Huế, Thừa Thiên Huế, Việt Nam","4,1",317,Thừa Thiên Huế,Điểm mốc lịch sử,Không có giá,,"https://lh5.googleusercontent.com/p/AF1QipMQJ2rf6WIDhiM8UlI2UuQ430Rz2WYQeEV0n5fS, https://lh5.googleusercontent.com/p/AF1QipMsUMuBuOHgASok2AT7fDxdxX2LjSWSzLlXCPKk, https://lh5.googleusercontent.com/p/AF1QipPKxCDQl2Gbe5BvaBDzsp3aziM3aYYMeZEPjCVK, ",16.44849,107.55457
CÔNG TY TNHH ĐẦU TƯ VÀ PHÁT TRIỂN DU LỊCH PHỐ CỔ BAO VINH,"FHWG+MHC, Hương Vang, Hương Trà, Thừa Thiên Huế, Việt Nam","4,3",100,Thừa Thiên Huế,Điểm thu hút khách du lịch,Không có giá,,"https://lh5.googleusercontent.com/p/AF1QipN2-vMcf6Bc_qnc29RjojNc7rSZ8PocpRIAKaFk, https://lh5.googleusercontent.com/p/AF1QipMJ7nvduABgBDInZ9Xr9kHhtmVvW2UhHdWS0Wxe, ",16.49669,107.57638
Bến Trà,"5 Lê Lợi, Vĩnh Ninh, Huế, Thừa Thiên Huế, Việt Nam","4,9",11,Thừa Thiên Huế,Điểm thu hút khách du lịch,Không có giá,,"https://lh5.googleusercontent.com/p/AF1QipMiLv-SwIqWCKEoOd2XA19gEKcEP40ljbFSY6y9, https://lh5.googleusercontent.com/p/AF1QipMjRhzMzI2wTBqNpI1H4yKmRH-2C0USZmkLTAuy, ",16.46073,107.58011
Tp. Huế,Không có địa chỉ,Chưa xét,0,Thừa Thiên Huế,None,Không có giá,,,16.45334,107.51198
KHÔNG GIAN NGHỀ TRUYỀN THỐNG HUẾ,"15 Lê Lợi, Vĩnh Ninh, Huế, Thừa Thiên Huế, Việt Nam","4,9",33,Thừa Thiên Huế,Điểm thu hút khách du lịch,Không có giá,,"https://lh5.googleusercontent.com/p/AF1QipNW2vYOJ2dwNJo2GllXr8ogXCe6zVxq9SDodTNE, https://lh5.googleusercontent.com/p/AF1QipNA7DxgTJbNogYNRYXluaGf6z6AiXsbQbowBibZ, https://lh5.googleusercontent.com/p/AF1QipMOqGpyRbNqhLaJ-cwaHi1E-SjoSyb095prwIk, ",16.46584,107.58834
con đường bích họa Huế,"CHM6+CMC, Unnamed Road, Huế, Thừa Thiên Huế, Việt Nam","4,4",29,Thừa Thiên Huế,Điểm thu hút khách du lịch,Không có giá,,"https://lh5.googleusercontent.com/p/AF1QipNkg0p8q2MGf93r-8uaVjt-9vWob5otG-Av8OxL, https://lh5.googleusercontent.com/p/AF1QipNRPYc3H9RqnTkI8IeHBDDHTUj8CHdvwUqcugY, ",16.43356,107.56163
Tiểu đình Thương Bạc,"FH9P+664, Trần Hưng Đạo, Phú Hoà, Huế, Thừa Thiên Huế, Việt Nam","4,3",158,Thừa Thiên Huế,Địa điểm lịch sử,Không có giá,,"https://lh5.googleusercontent.com/p/AF1QipMsG2MPB1AK4iZgZseo__ZgVhccOq-lwuyGRQ_i, https://lh5.googleusercontent.com/p/AF1QipPRf76J_9-v0EpN1z4PKwqqmkzkYEJB9x73WZ-i, https://lh5.googleusercontent.com/p/AF1QipOReVkqCiy6j56EAAKv2IvZ4tcymldGrdVa9EI-, ",16.46801,107.58557
Huyền Không Sơn Thượng,"FF2V+FJX, Chầm, Hương Hồ, Hương Trà, Thừa Thiên Huế, Việt Nam","4,7",1.231,Thừa Thiên Huế,Chùa phật giáo,Không có giá,,"https://lh5.googleusercontent.com/p/AF1QipPJrxBUuqHELyRn9z00vsC2mbtF4_E7ICsu9wD7, https://lh5.googleusercontent.com/p/AF1QipPxDIDru9RxcRLzCTyCbhiW5sBL_b0rrRXOxOWH, https://lh5.googleusercontent.com/p/AF1QipOT5t_GFKyMiVwhvV6aUjRzBZFbYZQ_SDKu2Rat, https://lh5.googleusercontent.com/p/AF1QipONGKAoVhOvt0EzuA3ZPv0m_MNXnzCiFTqf5t3f, ",16.45124,107.49411
Xuân Viên Tiểu Cung,"22 Phú Mộng, Tổ 11, Huế, Thừa Thiên Huế, Việt Nam","4,2",49,Thừa Thiên Huế,Điểm thu hút khách du lịch,Không có giá,,"https://lh5.googleusercontent.com/p/AF1QipMcUzga57WCQDpco69y8AzyjbAd7XnNDei3WuZq, https://lh5.googleusercontent.com/p/AF1QipPLUQhrOZ97947A5SXMxe4wiz69LhdOgVHgk8xu, ",16.46045,107.56223
RICE TATTOO - HOANG THACH ART,"FHJM+7QC, Kiệt 228 Bạch Đằng, Phú Hiệp, Huế, Thừa Thiên Huế, Việt Nam","5,0",31,Thừa Thiên Huế,Điểm thu hút khách du lịch,Không có giá,,"https://lh5.googleusercontent.com/p/AF1QipMQQcSb-D1aXfE7vRobAkANeiDkqdYuiNDfOi8Z, https://lh5.googleusercontent.com/p/AF1QipMQQcSb-D1aXfE7vRobAkANeiDkqdYuiNDfOi8Z, ",16.48068,107.58439
Súng Thần Công,"FH8H+984, Hai Mươi Ba Tháng Tám, Thuận Hoà, Huế, Thừa Thiên Huế, Việt Nam","4,9",16,Thừa Thiên Huế,Điểm thu hút khách du lịch,Không có giá,,"https://lh5.googleusercontent.com/p/AF1QipP8CsyehqJfRT_UBJtbldITsb79GDMLEH1eGKaf, https://lh5.googleusercontent.com/p/AF1QipM2ht-roD-mF-vUj5LTgj_keMbt_xx6oVCZSNS3, https://lh5.googleusercontent.com/p/AF1QipMbVRuFG8p3-qxnBKsuvxYvuf9SAJI3G6XvjWQ, https://lh5.googleusercontent.com/p/AF1QipM9ADPpZkVueGK2OzFJaRKtxgz22y5oJhr_LlXD, ",16.46588,107.57833
Điện Kiến Trung,"32 Đặng Thái Thân, Phú Hậu, Huế, Thừa Thiên Huế, Việt Nam","4,7",256,Thừa Thiên Huế,Lâu đài,Không có giá,,"https://lh5.googleusercontent.com/p/AF1QipM1FhHrrNbKcJ8U1XgY4hpHfKfxS_mbQ7kYsUFK, https://lh5.googleusercontent.com/p/AF1QipNAEDhFXfTczjE4F1ChMv3FUS-28Yey2ZP1igbe, https://lh5.googleusercontent.com/p/AF1QipP_KxLS3RZGxtc9kyE1WzHQ_aVECyUDUOfG1z7b, https://lh5.googleusercontent.com/p/AF1QipO8LsyMx4ZmvnG0IVSncWTzP0LIRZp4o9UH8MSh, ",16.47105,107.57656
Đông Thành Thủy Quan,"FHJJ+P46, Đường Xuân 68, Thuận Thành, Huế, Thừa Thiên Huế, Việt Nam","4,4",7,Thừa Thiên Huế,Điểm thu hút khách du lịch,Không có giá,,"https://lh5.googleusercontent.com/p/AF1QipMNX87Lc7vklkaFErsKCM2dSVGirgpi4F5ZM0Aq, https://lh5.googleusercontent.com/p/AF1QipMNX87Lc7vklkaFErsKCM2dSVGirgpi4F5ZM0Aq, https://lh5.googleusercontent.com/p/AF1QipMPRX15NY1AR9xHqMi7zdhQhn-0vueTCDxEtWue, ",16.48178,107.58027
Đỉnh Hòn Vượn,"FF2J+X8W, Hương Chữ, Hương Trà, Thừa Thiên Huế, Việt Nam","4,8",83,Thừa Thiên Huế,Điểm mốc lịch sử,Không có giá,,"https://lh5.googleusercontent.com/p/AF1QipMvoorBWth0g3e9GUjTWbb9e6KPLJJw7jcwpO28, https://lh5.googleusercontent.com/p/AF1QipP9QN7_7t756QvCBuqMQuj8sS75hf0cTyQVx3_G, https://lh5.googleusercontent.com/p/AF1QipONVKufdq5jiStcKKxHR-TNKb75jve0CUlwT_oT, https://lh5.googleusercontent.com/p/AF1QipMUHsK1up1T9ky_XX5apV2rFSdTDUY4ABukrik, ",16.45249,107.48083
Quan Tượng Đài,"FH6C+V87, Đ. Ông Ích Khiêm, Thuận Hoà, Huế, Thừa Thiên Huế, Việt Nam","4,6",25,Thừa Thiên Huế,Địa điểm lịch sử,Không có giá,,"https://lh5.googleusercontent.com/p/AF1QipOEyAI5YRL4dOisPiT6_s1EXuZq047MxEaE6kK1, https://lh5.googleusercontent.com/p/AF1QipNeN5u2Snk9fECq6wbl-VTPaZLh27ac38cjpecK, https://lh5.googleusercontent.com/p/AF1QipPqI7B8C8gMAUz4YWRHNG8YadzYDjZdJbeJKT3M, https://lh5.googleusercontent.com/p/AF1QipNjHfWXteWepl76vVnZH2XFxnsb8vAO9hWpop9P, ",16.46217,107.57080
The Flag Tower,"FH8J+F26 Imperial City, Thuận Hoà, Huế, Thừa Thiên Huế, Việt Nam","4,7",31,Thừa Thiên Huế,Điểm mốc lịch sử,Không có giá,,"https://lh5.googleusercontent.com/p/AF1QipPcjlk8LGON9CK7yjLEOvOznoN1BQ_XEpwDoT28, https://lh5.googleusercontent.com/p/AF1QipPT_bzSxSM8yq_9OImkVwkFWdwnJoNZflGXn6Nw, https://lh5.googleusercontent.com/p/AF1QipOzZL6FH3BYFZXZGq10MDqAF6TY4xlixRFi7bOq, https://lh5.googleusercontent.com/p/AF1QipNiMvopMfqj1DygJHrJJLpnf5Lnq7L2eQmK8d0o, ",16.46617,107.58001
