id,name,address,score,reviews count,latitude,longitude,province,category,price,discount,services,description images
0,TMS Hotel Da Nang Beach,"292 Võ Nguyên Giáp, Bắc Mỹ Phú, Ngũ Hành Sơn, Đà Nẵng 550000, Việt Nam","4,6",1.773,16.0511516,108.2122374,Đà Nẵng,Khách sạn 5 sao,1.725.160 ₫,Không có giảm giá,"Wi-Fi miễn phí, Bữa sáng miễn phí, Đỗ xe miễn phí, Phù hợp cho người khuyết tật, Bể bơi, Có điều hòa nhiệt độ, Dịch vụ giặt ủi, Có đường ra bãi biển, Dịch vụ phòng, Nhà hàng, Bếp ở một số phòng, Xe đưa đón ra sân bay, Spa, Trung tâm thể dục, Quán bar, ","https://lh5.googleusercontent.com/p/AF1QipNN-W-FCDkNlaekaMLov9GZC_BEIc2SzcCE4DQE, https://lh5.googleusercontent.com/p/AF1QipNlLA5ecm-8DnZ9t9dP9cRNt27BRtvrTr1sx6ku, https://lh5.googleusercontent.com/p/AF1QipM3zIV9CdBlvf9YO3_7ZQ_ATm03hL9cc2xHo3DN, https://lh5.googleusercontent.com/p/AF1QipOzvBNGtOyoPBsiYlOSGZbJsGFowTDPhUeyEPlJ, "
1,Golden Lotus Luxury Hotel Da Nang,"198B Trần Bạch Đằng, Bắc Mỹ Phú, Ngũ Hành Sơn, Đà Nẵng 50000, Việt Nam","4,8",703,16.0525002,108.2105823,Đà Nẵng,Khách sạn,1.032.813 ₫,Không có giảm giá,"Wi-Fi miễn phí, Bữa sáng miễn phí, Đỗ xe miễn phí, Bể bơi ngoài trời, Có điều hòa nhiệt độ, Dịch vụ giặt ủi, Có đường ra bãi biển, Dịch vụ phòng, Nhà hàng, Xe đưa đón ra sân bay, Bồn tắm nước nóng, Spa, Trung tâm thể dục, ","https://lh5.googleusercontent.com/p/AF1QipN3vC4obPFmcyPqr9utAtLGbEfza_2PEdi1bCz_, https://lh5.googleusercontent.com/p/AF1QipMhHKxj7OlkW0_cMF1aF0w3CVcT8JlYtWSinNhd, https://lh5.googleusercontent.com/p/AF1QipN1yy6jMUH6fcEXQxbDnFhOiIzciQYak1Tm2t-B, https://lh5.googleusercontent.com/p/AF1QipPw1t6gPDx7qQ4lHNt3dRborlAyuk91TsS9TOMk, "
2,Khách sạn Golden Lotus Grand,"86 Lê Quang Đạo, Bắc Mỹ Phú, Ngũ Hành Sơn, Đà Nẵng 550000, Việt Nam","4,9",2.685,16.049943,108.2092705,Đà Nẵng,Khách sạn 4 sao,1.079.172 ₫,Ít hơn 23% so với bình thường,"Wi-Fi miễn phí, Bữa sáng miễn phí, Đỗ xe miễn phí, Bể bơi, Có điều hòa nhiệt độ, Dịch vụ giặt ủi, Nhà hàng, Xe đưa đón ra sân bay, Spa, ","https://lh5.googleusercontent.com/p/AF1QipPC_6anysqHIs9QO-zwbkAFD_iHvU97wmBmakLb, https://lh5.googleusercontent.com/p/AF1QipPZOnxtHY13pYULfwahXHg3k6yQs6r_u96bo6D6, https://lh5.googleusercontent.com/p/AF1QipPlo9z_xgOV3QDTihspOb3ar_iDf19roA721Gtk, https://lh5.googleusercontent.com/p/AF1QipNH1TmOl6G5_VFJT4gF0AXH8E641-LmVgEUaMFv, "
3,Wink Hotel Danang Centre,"178 Trần Phú, Phước Ninh, Hải Châu, Đà Nẵng 550000, Việt Nam","4,6",694,16.049943,108.1783715,Đà Nẵng,Khách sạn 4 sao,900.381 ₫,Không có giảm giá,"Wi-Fi miễn phí, Bữa sáng miễn phí, Đỗ xe miễn phí, Có điều hòa nhiệt độ, Dịch vụ giặt ủi, Chấp nhận vật nuôi, Nhà hàng, Quán bar, ","https://lh5.googleusercontent.com/p/AF1QipP5u23i9PNu5cNgSgByc7qX1yKWSYnyBH-5-TpW, https://lh5.googleusercontent.com/p/AF1QipPpxMpRZRJX7x2yQ6D1aIqA-gKT4wpNd2ZIApld, https://lh5.googleusercontent.com/p/AF1QipMYzFDM37k6lcNymVziOrvBFjzKjv2mgtdtmosn, https://lh5.googleusercontent.com/p/AF1QipP82-9Ozx04ziYqB0lBqUWKALGlr9xylTObS0Zo, "
4,SeaColor Beachstay Danang By Haviland,"446 Võ Nguyên Giáp, Khuê Mỹ, Ngũ Hành Sơn, Đà Nẵng 550000, Việt Nam","4,9",214,16.0401169,108.2130884,Đà Nẵng,Khách sạn,167.005 ₫,Ít hơn 43% so với bình thường,"Wi-Fi miễn phí, Đỗ xe miễn phí, Có điều hòa nhiệt độ, Dịch vụ giặt ủi, Trung tâm thương mại, Có đường ra bãi biển, Bếp ở một số phòng, Xe đưa đón ra sân bay, ","https://lh5.googleusercontent.com/p/AF1QipPaUqwHZAfD3BSbl7-cM3ckEu_93S0ZOlR_iufR, https://lh5.googleusercontent.com/p/AF1QipOxcZNjdDye3W4GxjR8IMy2aQV8RlKoANIJhX_o, https://lh5.googleusercontent.com/p/AF1QipNVNejce4KbJRMTxUMPs_lhG4qzloaTcebfIOKg, https://lh5.googleusercontent.com/p/AF1QipMg-aBSbXm1I942kyWxEAfs02j7Cq-rrbuu5dUS, "
5,Yarra Ocean Suites Danang,"304 Võ Nguyên Giáp, Bắc Mỹ An, Ngũ Hành Sơn, Đà Nẵng 50507, Việt Nam","4,8",930,16.0488602,108.2127592,Đà Nẵng,Khách sạn 4 sao,695.392 ₫,Không có giảm giá,"Wi-Fi miễn phí, Bữa sáng miễn phí, Đỗ xe miễn phí, Phù hợp cho người khuyết tật, Bể bơi ngoài trời, Có điều hòa nhiệt độ, Dịch vụ giặt ủi, Có đường ra bãi biển, Dịch vụ phòng, Phù hợp với trẻ em, Nhà hàng, Xe đưa đón ra sân bay, Bồn tắm nước nóng, Spa, Trung tâm thể dục, Quán bar, Không hút thuốc, ","https://lh5.googleusercontent.com/p/AF1QipMpWzbV1buV2va026zTUuNgijMXEJfstQZLhknv, https://lh5.googleusercontent.com/p/AF1QipOPkm1XbWbUC2NO55KkoTrqMjQHfzbirZgmcn8X, https://lh5.googleusercontent.com/p/AF1QipOB7Y9Z24moeO_xIzQORIS9_PIGN0e3ITllb1-M, https://lh5.googleusercontent.com/p/AF1QipMn9_6HuKuBTSWpL4kza2oHm7HgA_Lfl7vQwBM2, "
6,Central Beach Hotel,"lo 35-36 Trần Bạch Đằng, Bắc Mỹ An, Ngũ Hành Sơn, Đà Nẵng 550000, Việt Nam","4,0",103,16.0487836,108.2120081,Đà Nẵng,Khách sạn,304.440 ₫,Không có giảm giá,"Wi-Fi miễn phí, Bữa sáng có tính phí, Đỗ xe miễn phí, Phù hợp cho người khuyết tật, Có điều hòa nhiệt độ, Dịch vụ giặt ủi, Trung tâm thương mại, Có đường ra bãi biển, Nhà hàng, Xe đưa đón ra sân bay, Sân gôn, Quán bar, Không hút thuốc, ","https://lh5.googleusercontent.com/p/AF1QipPxiKoUHnc9VQLvLAGqU2ANbOgwBrPizi8OXy9n, https://lh5.googleusercontent.com/p/AF1QipO4bW95eKuMCpfaw6skdnAEBlr8TmbExeEcVb-w, https://lh5.googleusercontent.com/p/AF1QipPCI9GaszDqgBdLvnyScX41NenZkeYvRhKOobt8, https://lh5.googleusercontent.com/p/AF1QipO2R9oUlTsmUASrMpKY4ThViaUVnqTtHPQMop5C, "
7,Khách Sạn Avatar Đà Nẵng,"104 Hoàng Kế Viêm, Bắc Mỹ Phú, Ngũ Hành Sơn, Đà Nẵng 550000, Việt Nam","4,7",417,16.0496168,108.2109385,Đà Nẵng,Khách sạn 4 sao,751.713 ₫,Ít hơn 21% so với bình thường,"Wi-Fi miễn phí, Bữa sáng miễn phí, Bãi đỗ xe, Bể bơi, Có điều hòa nhiệt độ, Dịch vụ giặt ủi, Có đường ra bãi biển, Nhà hàng, Bếp ở một số phòng, Xe đưa đón ra sân bay, Bồn tắm nước nóng, Spa, Trung tâm thể dục, ","https://lh5.googleusercontent.com/p/AF1QipNs2dGAl7SWvDX8f4QQURRg4gMvZz1fzbevszkg, https://lh5.googleusercontent.com/p/AF1QipM8RPPGsCNX5n8wnHLSrj9N3oF7hVao4zMOUjXV, https://lh5.googleusercontent.com/p/AF1QipPEz-vf6O_Z3AFmr1SwtIcIRi4fEIGYoTBTS6Vi, https://lh5.googleusercontent.com/p/AF1QipND9BNHjHKO3Gl_iooolGZ73Lc5saXmmkuDXJFg, "
8,Cozy Danang Boutique Hotel,"37 Cô Giang, Phước Ninh, Hải Châu, Đà Nẵng 550000, Việt Nam","4,7",344,16.0496168,108.1800395,Đà Nẵng,Khách sạn,1.057.351 ₫,Không có giảm giá,"Wi-Fi miễn phí, Bữa sáng miễn phí, Đỗ xe miễn phí, Bể bơi ngoài trời, Có điều hòa nhiệt độ, Dịch vụ giặt ủi, Nhà hàng, Xe đưa đón ra sân bay, ","https://lh5.googleusercontent.com/p/AF1QipNhScqNlhVXsvPkPattCwkW7AU-OiLJS2lL8sA, https://lh5.googleusercontent.com/p/AF1QipPYVlVfgtjExEFebvZ9Meol5U8yY7uCLwHh2jtC, https://lh5.googleusercontent.com/p/AF1QipO8xxvh3NDaO3UvBnwBEq-VxZxdk-YYAVqwjaYL, https://lh5.googleusercontent.com/p/AF1QipO5ob437B6se3Pj-mQsuwxrrU_M3XWUm1ZtvBjs, "
9,Seahorse Signature By Haviland,"05 Huỳnh Thúc Kháng, Nam Dương, Hải Châu, Đà Nẵng 550000, Việt Nam","4,9",370,16.0616529,108.1824836,Đà Nẵng,Khách sạn 3 sao,478.478 ₫,Không có giảm giá,"Wi-Fi miễn phí, Bữa sáng miễn phí, Bể bơi ngoài trời, Có điều hòa nhiệt độ, Dịch vụ giặt ủi, Trung tâm thương mại, Chấp nhận vật nuôi, Nhà hàng, Bếp trong tất cả các phòng, Xe đưa đón ra sân bay, Bồn tắm nước nóng, Không hút thuốc, ","https://lh5.googleusercontent.com/p/AF1QipMWvcQeG1q820u8-9xBgvokRQDle_AtYwJbHs2M, https://lh5.googleusercontent.com/p/AF1QipNtnezOJKIfLx6DX4mvXYwEQQA0BtMoaD4hl-SK, https://lh5.googleusercontent.com/p/AF1QipOHr2KS3UAvuFPLVqx74ezm-IPH1k3rJEqEqo7e, https://lh5.googleusercontent.com/p/AF1QipPKNnc-osAiZyzRexDIYD-TpoiCpwNs1DtorU8n, "
10,Premier Village Đà Nẵng Resort,"99 Võ Nguyên Giáp, Street, Ngũ Hành Sơn, Đà Nẵng 055000, Việt Nam","4,7",2.911,16.0420899,108.2147015,Đà Nẵng,Khách sạn 5 sao,10.280.939 ₫,Không có giảm giá,"Wi-Fi miễn phí, Bữa sáng có tính phí, Đỗ xe miễn phí, Phù hợp cho người khuyết tật, Bể bơi ngoài trời, Có điều hòa nhiệt độ, Dịch vụ giặt ủi, Trung tâm thương mại, Có đường ra bãi biển, Dịch vụ phòng, Phù hợp với trẻ em, Nhà hàng, Bếp trong tất cả các phòng, Xe đưa đón ra sân bay, Bồn tắm nước nóng, Trung tâm thể dục, Sân gôn, Quán bar, Không hút thuốc, ","https://lh5.googleusercontent.com/p/AF1QipNK4QAXCG0CfXiPv09KVEyD0SfIZxE6eke1jr5s, https://lh5.googleusercontent.com/p/AF1QipMPHDps6p5CzIRKd1U8GM-OIFidrgd_TYI0CTTh, https://lh5.googleusercontent.com/p/AF1QipOGZqVLNbKYyJiDBE42Rfo1Or-Pcc2GJft7xyV2, https://lh5.googleusercontent.com/p/AF1QipMSk6aK7GsGc61GFd2sNt4ob07TCMgE-MFGk2NH, "
11,Monalisa Luxury Hotel,"198 Trần Bạch Đằng, Bắc Mỹ Phú, Ngũ Hành Sơn, Đà Nẵng 550000, Việt Nam","4,5",111,16.052786,108.2105513,Đà Nẵng,Khách sạn,535.000 ₫,Không có giảm giá,"Wi-Fi miễn phí, Bữa sáng miễn phí, Đỗ xe miễn phí, Bể bơi ngoài trời, Có điều hòa nhiệt độ, Dịch vụ giặt ủi, Có đường ra bãi biển, Phù hợp với trẻ em, Nhà hàng, Xe đưa đón ra sân bay, Không hút thuốc, ","https://lh5.googleusercontent.com/p/AF1QipNqyyewCLuWP-PeTyj0SjKv707RP9P1tWAjYUiT, https://lh5.googleusercontent.com/p/AF1QipOjJvvTrKE-Te_4OO4v6Zlv-hdR90C9WEV9SgSp, https://lh5.googleusercontent.com/p/AF1QipNTCQa5AjLZ7ruJr12xvcUKecr8UPQ8GXv3VWiY, https://lh5.googleusercontent.com/p/AF1QipOTOxM3z1qjPXXxtumNyWMosdsH0Be2Y7M978Ir, "
12,Khách sạn Radisson Đà Nẵng,"170 Võ Nguyên Giáp, Phước Mỹ, Sơn Trà, Đà Nẵng 550000, Việt Nam","4,7",1.968,16.0739298,108.2086911,Đà Nẵng,Khách sạn 5 sao,1.721.608 ₫,Không có giảm giá,"Wi-Fi miễn phí, Bữa sáng có tính phí, Đỗ xe miễn phí, Phù hợp cho người khuyết tật, Bể bơi ngoài trời, Có điều hòa nhiệt độ, Dịch vụ giặt ủi, Trung tâm thương mại, Có đường ra bãi biển, Dịch vụ phòng, Phù hợp với trẻ em, Nhà hàng, Xe đưa đón ra sân bay, Spa, Trung tâm thể dục, Quán bar, Không hút thuốc, ","https://lh5.googleusercontent.com/p/AF1QipNmNtaO-VMacuWSWy0vriSIoPB-GFemm7h-CUtA, https://lh5.googleusercontent.com/p/AF1QipN8_tcnG8GFktBz_tJ0d6yJxqIRTS_Jtjc7s4O0, https://lh5.googleusercontent.com/p/AF1QipPPWrZHUYl4aWnFsEh779nqncieCh5RBVJbMsv3, https://lh5.googleusercontent.com/p/AF1QipNOlVU-f5gzAZTtx9zvSYKlTAuuyP50-a0As5wt, "
13,Santa Luxury Hotel,"09 Đ. Đỗ Bá, Bắc Mỹ Phú, Ngũ Hành Sơn, Đà Nẵng 550000, Việt Nam","4,7",682,16.0517799,108.2107073,Đà Nẵng,Khách sạn 4 sao,635.519 ₫,Không có giảm giá,"Wi-Fi miễn phí, Bữa sáng miễn phí, Đỗ xe miễn phí, Bể bơi, Có điều hòa nhiệt độ, Dịch vụ giặt ủi, Có đường ra bãi biển, Nhà hàng, Xe đưa đón ra sân bay, Spa, ","https://lh5.googleusercontent.com/p/AF1QipOffoRSi2c9rzkIqxwiDcqN0NrmcNVLlPV28G9m, https://lh5.googleusercontent.com/p/AF1QipPytygf1A-N1LfI3MkO5A14Q4xCc97u-3GXU7GA, https://lh5.googleusercontent.com/p/AF1QipNPh3FsRGmGP6u8v6HdzKjH8UzRnCyygxEf4szW, https://lh5.googleusercontent.com/p/AF1QipPSA8npgHXbdl3r_ZXkiOv2pcQaWDArOoUU6WmX, "
14,Meliá Vinpearl Danang Riverfront,"341 Đ. Trần Hưng Đạo, An Hải Bắc, Sơn Trà, Đà Nẵng 550000, Việt Nam","4,9",7.982,16.0517799,108.1798083,Đà Nẵng,Khách sạn 5 sao,2.024.881 ₫,Không có giảm giá,"Wi-Fi miễn phí, Bữa sáng có tính phí, Đỗ xe miễn phí, Phù hợp cho người khuyết tật, Bể bơi trong nhà và ngoài trời, Có điều hòa nhiệt độ, Dịch vụ giặt ủi, Dịch vụ phòng, Phù hợp với trẻ em, Nhà hàng, Xe đưa đón ra sân bay, Bồn tắm nước nóng, Spa, Trung tâm thể dục, Quán bar, ","https://lh5.googleusercontent.com/p/AF1QipOAgELar27S0bWD0wFRz_QsIBJh2rt-3pCMozti, https://lh5.googleusercontent.com/p/AF1QipOAQ8PI2AblgM3VPFA78ku1Yb5eCtrAwRqgzE1B, https://lh5.googleusercontent.com/p/AF1QipOdlmUXmbC6oiWlQWO-BwObkYZicbw3GAI1s3eI, https://lh5.googleusercontent.com/p/AF1QipNy2W-BIbnbkupN31KKeh-NvUSUpZfDqi_aSaNI, "
15,Alani Hotel & Spa,"136-138 Trần Bạch Đằng, Bắc Mỹ Phú, Ngũ Hành Sơn, Đà Nẵng 550000, Việt Nam","4,5",233,16.0541826,108.2100602,Đà Nẵng,Khách sạn 4 sao,572.000 ₫,Không có giảm giá,"Wi-Fi miễn phí, Bữa sáng miễn phí, Đỗ xe miễn phí, Phù hợp cho người khuyết tật, Bể bơi ngoài trời, Có điều hòa nhiệt độ, Dịch vụ giặt ủi, Trung tâm thương mại, Có đường ra bãi biển, Dịch vụ phòng, Phù hợp với trẻ em, Nhà hàng, Xe đưa đón ra sân bay, Bồn tắm nước nóng, Spa, Trung tâm thể dục, Sân gôn, Quán bar, Không hút thuốc, ","https://lh5.googleusercontent.com/p/AF1QipMV2tscB2_cIuhLQY4N4gFP2lJvGfyd-7LEglOr, https://lh5.googleusercontent.com/p/AF1QipNr-6mXLWpTsQ-l1s8JfCIqnlLRdbDZr2V8qUx2, https://lh5.googleusercontent.com/p/AF1QipOawQl5nA5pzk7-XcYI7GgQ0LCOTx5Fvy_pv9en, https://lh5.googleusercontent.com/p/AF1QipMS8yAa7P1V-B5XYf4kBcSmMDVHKLcTbHIDHaAt, "
16,Voco Ma Belle Danang,"168 Võ Nguyên Giáp, Street, Sơn Trà, Đà Nẵng 550000, Việt Nam","4,6",610,16.0743303,108.2086479,Đà Nẵng,Khách sạn,2.003.723 ₫,Không có giảm giá,"Wi-Fi miễn phí, Bữa sáng có tính phí, Đỗ xe miễn phí, Phù hợp cho người khuyết tật, Bể bơi ngoài trời, Có điều hòa nhiệt độ, Dịch vụ giặt ủi, Trung tâm thương mại, Có đường ra bãi biển, Dịch vụ phòng, Phù hợp với trẻ em, Nhà hàng, Bếp ở một số phòng, Trung tâm thể dục, Không hút thuốc, ","https://lh5.googleusercontent.com/p/AF1QipOWKUdlK9l8jvz3haGkFtb3WJfIJCacgEZpsM7M, https://lh5.googleusercontent.com/p/AF1QipPS8V9jJ5SLsZxikmPn2sfYJig9e70xYCyH_NNH, https://lh5.googleusercontent.com/p/AF1QipOHK6KANU6IDSdSb6Piysut2hC7-Hbcn3JkwCPn, https://lh5.googleusercontent.com/p/AF1QipMif32nuoOfMJcnYUA8GfX7y1vqHyhCFOUpH4h-, "
17,Tuong Van Hotel Đà Nẵng,"53 An Thượng 2, Bắc Mỹ An, Ngũ Hành Sơn, Đà Nẵng 55000, Việt Nam","4,5",12,16.0485394,108.211517,Đà Nẵng,Khách sạn,824.420 ₫,Không có giảm giá,,"https://lh5.googleusercontent.com/p/AF1QipODeQpaLlBqorup0xnebe2ZvDoBhFsb_jOvmnE, https://lh5.googleusercontent.com/p/AF1QipPQUSh4sNiXO4Q0djKJBcxfV2kEPCVislhweS4, https://lh5.googleusercontent.com/p/AF1QipOBaDV6Fss-ptG_yk53GvkAT5FUCD0NnVok8vop, https://lh5.googleusercontent.com/p/AF1QipNfhWPdYKbm6iDJr-GF3fBL13HamE2wntD52Pec, "
18,Khách sạn Lavencos biển Mỹ Khê Đà Nẵng,"362 Võ Nguyên Giáp, Bắc Mỹ An, Ngũ Hành Sơn, Đà Nẵng 550000, Việt Nam","4,7",278,16.04372,108.2115483,Đà Nẵng,Khách sạn,465.103 ₫,Ít hơn 25% so với bình thường,,"https://lh5.googleusercontent.com/p/AF1QipM_JzJ6MVVYvx7VFlbp5QVe4rYBMHaAJw7uh_7K, https://lh5.googleusercontent.com/p/AF1QipObyYv3OuMek72qePCNzcD4Ct_B78Et4_sFO1Gf, https://lh5.googleusercontent.com/p/AF1QipN0q4vAz_IxLPr5iUI3bmmg0yK2ndfxp8ksw1u3, https://lh5.googleusercontent.com/p/AF1QipOQgir98ZFDN_ttWZGp9NmSuSVEPgenydoMlsO9, "
19,Bonny Boutique Hotel Da Nang,"01-03 Khuê Mỹ Đông 10, Khuê Mỹ, Ngũ Hành Sơn, Đà Nẵng 550000, Việt Nam","4,5",245,16.0376551,108.2099545,Đà Nẵng,Khách sạn,697.389 ₫,Không có giảm giá,"Wi-Fi miễn phí, Bữa sáng miễn phí, Đỗ xe miễn phí, Bể bơi, Có điều hòa nhiệt độ, Dịch vụ giặt ủi, Bếp ở một số phòng, Xe đưa đón ra sân bay, ","https://lh5.googleusercontent.com/p/AF1QipN7C7-179_GY_gUp1t8bkRWZus-E6XrMP9ZscHa, https://lh5.googleusercontent.com/p/AF1QipOoGCIuYN3mGZ3B-vq6p22aeCimrShZv_pZoio6, https://lh5.googleusercontent.com/p/AF1QipM29Ke_A9y-yR_diF-ivjFqzojgrKt_EVYfc8Su, https://lh5.googleusercontent.com/p/AF1QipNXOskgDS8yN_3a7EJyJzOkWG5LW-8QSHVbM_FM, "
20,Dương Gia Hotel Đà Nẵng,"8 Phạm Thiều, Phước Mỹ, Sơn Trà, Đà Nẵng 550000, Việt Nam","4,6",331,16.0720678,108.2052982,Đà Nẵng,Khách sạn 3 sao,274.250 ₫,Không có giảm giá,"Wi-Fi miễn phí, Đỗ xe miễn phí, Có điều hòa nhiệt độ, Dịch vụ giặt ủi, Phù hợp với trẻ em, Bếp ở một số phòng, Xe đưa đón ra sân bay, Không hút thuốc, ","https://lh5.googleusercontent.com/p/AF1QipMdMpsTDGuPhPsy15HMfSE2iiM_gFUjnCW2G0M0, https://lh5.googleusercontent.com/p/AF1QipOriKSiG1H4Cpsdlu-HjbloZd9vTMp9IOmfHZJm, https://lh5.googleusercontent.com/p/AF1QipOHAou316lHPixXzRq2bLq4lI865PfYIOo2ZtKy, https://lh5.googleusercontent.com/p/AF1QipNdGwjAbnxrimgEgnwJHr8Cf0XECsShotsLDOdk, "
21,Hyatt Regency Danang Resort and Spa,"5 Trường Sa, Street, Ngũ Hành Sơn, Đà Nẵng 550000, Việt Nam","4,5",4.684,16.0130143,108.2281489,Đà Nẵng,Khách sạn 5 sao,3.938.185 ₫,Không có giảm giá,"Wi-Fi miễn phí, Bữa sáng có tính phí, Đỗ xe miễn phí, Phù hợp cho người khuyết tật, Bể bơi ngoài trời, Có điều hòa nhiệt độ, Dịch vụ giặt ủi, Trung tâm thương mại, Có đường ra bãi biển, Dịch vụ phòng, Phù hợp với trẻ em, Nhà hàng, Bếp ở một số phòng, Xe đưa đón ra sân bay, Bồn tắm nước nóng, Spa, Trung tâm thể dục, Quán bar, Không hút thuốc, ","https://lh5.googleusercontent.com/p/AF1QipOO-GYkZLXUYLQBz8_WjrIUDNEFzyTPjnJB3v0o, https://lh5.googleusercontent.com/p/AF1QipO1I9sfePCOrymho_0jV2UAx2x25ByU9W-otu6F, https://lh5.googleusercontent.com/p/AF1QipMueKVTqBgzptQr5yeywv1GqikEIB2BWulIZz_-, https://lh5.googleusercontent.com/p/AF1QipM1Mk6PLUuLC5vdAbKANHvKIKbu-jSDszi-0pbg, "
22,Royal Beach Hotel,"70-72 Loseby, An Hải Bắc, Sơn Trà, Đà Nẵng 550000, Việt Nam","4,2",98,16.0735325,108.2061822,Đà Nẵng,Khách sạn,180.976 ₫,Ít hơn 15% so với bình thường,,"https://lh5.googleusercontent.com/p/AF1QipNyF77u6HdXy7DrHRiki6MeBk4cvZwIOIwv3VJ_, https://lh5.googleusercontent.com/p/AF1QipPR_udVMtUxTPAjH2oUpuUClVdbhBGdL7Xo6-z5, https://lh5.googleusercontent.com/p/AF1QipPtDKEj7RuqdI825YxhYisulQ3fRFhZi5NauCi9, https://lh5.googleusercontent.com/p/AF1QipNb6CNu694Z3w2BgH6iKPuF5jMNOhNolHl2wxje, "
23,Quốc Cường Center Đà Nẵng Hotel by Haviland,"322- 324, Hoàng Diệu, Bình Hiên, Hải Châu, Đà Nẵng 550000, Việt Nam","4,5",921,16.0735325,108.1752832,Đà Nẵng,Khách sạn 3 sao,255.840 ₫,Không có giảm giá,"Wi-Fi miễn phí, Bữa sáng miễn phí, Đỗ xe miễn phí, Phù hợp cho người khuyết tật, Bể bơi ngoài trời, Có điều hòa nhiệt độ, Dịch vụ giặt ủi, Phù hợp với trẻ em, Nhà hàng, Bếp ở một số phòng, Xe đưa đón ra sân bay, Bồn tắm nước nóng, Spa, Không hút thuốc, ","https://lh5.googleusercontent.com/p/AF1QipPSqK9fDkeR9c5bKtrgap83MtPwFOYUMANRM4BO, https://lh5.googleusercontent.com/p/AF1QipOiE34cDjlHVgQcxptIURnwCtjUmt3RzHKFOL-P, https://lh5.googleusercontent.com/p/AF1QipMMfX483UrbRFoi4Il1ew-b3KVY74Jsbq_cSCRs, https://lh5.googleusercontent.com/p/AF1QipNd7t3z-XEgkQ4ALQ11K1dZVqDagPn21Fmozegf, "
24,Seahorse Han Market by Haviland,"07 Nguyễn Thái Học, Hải Châu 1, Hải Châu, Đà Nẵng 550000, Việt Nam","4,7",527,16.0677959,108.1884932,Đà Nẵng,Khách sạn,712.765 ₫,Không có giảm giá,"Wi-Fi miễn phí, Có điều hòa nhiệt độ, Dịch vụ giặt ủi, Phù hợp với trẻ em, Xe đưa đón ra sân bay, ","https://lh5.googleusercontent.com/p/AF1QipPlj93hs_63fHi6LZNEaF0k7D0O5j2Fgx8VzW1a, https://lh5.googleusercontent.com/p/AF1QipMbiTsyjNSB8zNv3Xo56HHGnq3TEEm98ZyjP500, https://lh5.googleusercontent.com/p/AF1QipPfJEZJtWZTPc9CIUmAD_JrwYZ3d7hkUEF3Gjun, https://lh5.googleusercontent.com/p/AF1QipMf9C3hpErOQWi1jIuE5e4qZ6R7p91LcDVqYol9, "
25,Sanouva Danang Hotel,"68 Phan Châu Trinh, Hải Châu 1, Hải Châu, Đà Nẵng 550000, Việt Nam","4,4",1.955,16.0669752,108.1839965,Đà Nẵng,Khách sạn 4 sao,712.871 ₫,Ít hơn 19% so với bình thường,"Wi-Fi miễn phí, Bữa sáng miễn phí, Bãi đỗ xe, Bể bơi ngoài trời, Có điều hòa nhiệt độ, Dịch vụ giặt ủi, Dịch vụ phòng, Phù hợp với trẻ em, Nhà hàng, Bếp ở một số phòng, Xe đưa đón ra sân bay, Spa, Trung tâm thể dục, Quán bar, ","https://lh5.googleusercontent.com/p/AF1QipONvz6zkY8UtZeIkfk-pggSSbyLZo2lAbua2YHi, https://lh5.googleusercontent.com/p/AF1QipP-bhYfcEg1C7NHBGtoU3wg0luz1WzvziynL5q7, https://lh5.googleusercontent.com/p/AF1QipMieaN4GrradkEaougBHGuU9Hh3quU06SOxjiih, https://lh5.googleusercontent.com/p/AF1QipObnGH4AK84ndiWRN1WVQ5qnCYDDdtcmARClQIZ, "
26,Paris Deli Danang Beach Hotel,"236 Võ Nguyên Giáp, Phước Mỹ, Sơn Trà, Đà Nẵng 550000, Việt Nam","4,2",1.250,16.0662858,108.2088483,Đà Nẵng,Khách sạn 4 sao,1.028.392 ₫,Không có giảm giá,"Wi-Fi miễn phí, Bữa sáng miễn phí, Bể bơi ngoài trời, Có điều hòa nhiệt độ, Dịch vụ giặt ủi, Trung tâm thương mại, Có đường ra bãi biển, Dịch vụ phòng, Phù hợp với trẻ em, Nhà hàng, Xe đưa đón ra sân bay, Bồn tắm nước nóng, Spa, Trung tâm thể dục, Quán bar, ","https://lh5.googleusercontent.com/p/AF1QipOAGfVZfupB6L-lgptAmghC19hnr5taqBXbadN7, https://lh5.googleusercontent.com/p/AF1QipOXw7BRx0kYweZ_cKiu0ugUe9I8XPg35rnfLP2X, https://lh5.googleusercontent.com/p/AF1QipNC5LvaUVokbtjNQvJDKFDWZ8WP3mAQZJ6PNyWy, https://lh5.googleusercontent.com/p/AF1QipPqEoZhRDtofHQ3E6y2bdgNYvxEDgb-jIavYJW5, "
27,Sbay Hotel Đà Nẵng,"03 Đinh Thị Hòa, An Hải Bắc, Sơn Trà, Đà Nẵng 550000, Việt Nam","4,0",398,16.0711299,108.2001963,Đà Nẵng,Khách sạn 3 sao,194.588 ₫,Không có giảm giá,"Wi-Fi miễn phí, Bãi đỗ xe, Dịch vụ giặt ủi, Nhà hàng, Bếp ở một số phòng, Xe đưa đón ra sân bay, ","https://lh5.googleusercontent.com/p/AF1QipMaT3DIs7ji8rqE_f2theJOpyu8C2ktVy_f8GXZ, https://lh5.googleusercontent.com/p/AF1QipOq3d2RbJa3F2cfNPbtv2EODEK1M7a3bjhLZeE7, https://lh5.googleusercontent.com/p/AF1QipOlFgfGfEe8y9Jc4Np1WdUbE7JhNEz13d7Co5wF, https://lh5.googleusercontent.com/p/AF1QipMr3jPjJACv9d1_FFL3C12ss1tBhvrC33k5Lawl, "
28,Royal Family Hotel,"39 Võ Văn Kiệt, Phước Mỹ, Sơn Trà, Đà Nẵng 550000, Việt Nam","4,0",383,16.0630254,108.207644,Đà Nẵng,Khách sạn 3 sao,313.263 ₫,Ít hơn 18% so với bình thường,"Wi-Fi miễn phí, Bữa sáng miễn phí, Bãi đỗ xe, Có điều hòa nhiệt độ, Dịch vụ giặt ủi, Có đường ra bãi biển, Phù hợp với trẻ em, Nhà hàng, Xe đưa đón ra sân bay, ","https://lh5.googleusercontent.com/p/AF1QipN0LcK3Tass5LAat8z5AInD3XVxZmH3gJ6QfhVP, https://lh5.googleusercontent.com/p/AF1QipPYuS9Af0f1YCOOx_4utb50y70VxeRwdaM89XZS, https://lh5.googleusercontent.com/p/AF1QipO6cdcgXozog6VMSq0ecnM5h99Xbm53y-qibu8e, https://lh5.googleusercontent.com/p/AF1QipNYCzQs9M3AjkGtPkRP-ncETVOBNzGS9Io1_tFS, "
29,Canvas Danang Beach Hotel,"234 Võ Nguyên Giáp, Phước Mỹ, Sơn Trà, Đà Nẵng 550000, Việt Nam","4,8",1.211,16.0663623,108.2090003,Đà Nẵng,Khách sạn 4 sao,1.045.000 ₫,Không có giảm giá,"Wi-Fi miễn phí, Bữa sáng miễn phí, Đỗ xe miễn phí, Bể bơi ngoài trời, Có điều hòa nhiệt độ, Dịch vụ giặt ủi, Có đường ra bãi biển, Dịch vụ phòng, Nhà hàng, Xe đưa đón ra sân bay, Bồn tắm nước nóng, Spa, Trung tâm thể dục, ","https://lh5.googleusercontent.com/p/AF1QipMOAYN0YD44JJ6haxrxWcZ6O5wpyTSeT0bcaIpS, https://lh5.googleusercontent.com/p/AF1QipP0hhuDVaTBRRpPAcChuP40xuF1dL7N-sfHGO_E, https://lh5.googleusercontent.com/p/AF1QipORon73pBgK3W5jc0LalVKNCioQXcBUz-sFQ3QP, https://lh5.googleusercontent.com/p/AF1QipM2fmX6pS_papbKIWNAEjx3qdEuHKPSpcaaUzXO, "
30,Mường Thanh Luxury Đà Nẵng Hotel,"270 Võ Nguyên Giáp, Bắc Mỹ Phú, Ngũ Hành Sơn, Đà Nẵng 550000, Việt Nam","4,4",5.013,16.0537175,108.2113147,Đà Nẵng,Khách sạn 5 sao,1.470.303 ₫,Không có giảm giá,"Wi-Fi miễn phí, Bữa sáng miễn phí, Đỗ xe miễn phí, Phù hợp cho người khuyết tật, Bể bơi ngoài trời, Có điều hòa nhiệt độ, Dịch vụ giặt ủi, Trung tâm thương mại, Có đường ra bãi biển, Dịch vụ phòng, Phù hợp với trẻ em, Nhà hàng, Xe đưa đón ra sân bay, Bồn tắm nước nóng, Spa, Trung tâm thể dục, Quán bar, ","https://lh5.googleusercontent.com/p/AF1QipMZIi49Z9tOS5UCHfJOewDcVZd6AwzXzux7QMAz, https://lh5.googleusercontent.com/p/AF1QipOhypJ2dYmoEIlO3BDi2wbGGPNnnihl7z9H4Jz6, https://lh5.googleusercontent.com/p/AF1QipPKePFRRut70vgxyv2Z1o5jnZOH1waEZksdM1aH, https://lh5.googleusercontent.com/p/AF1QipMzEsSxHnzOdIBjyuiEJST4vhxRkxB8OiaaWxk1, "
31,Sea Queen Hotel,"155 157 Lê Quang Đạo, Bắc Mỹ Phú, Ngũ Hành Sơn, Đà Nẵng 550000, Việt Nam","4,3",876,16.0508871,108.2093999,Đà Nẵng,Khách sạn 3 sao,283.845 ₫,Ít hơn 28% so với bình thường,"Wi-Fi miễn phí, Bữa sáng miễn phí, Đỗ xe miễn phí, Bể bơi ngoài trời, Có điều hòa nhiệt độ, Dịch vụ giặt ủi, Có đường ra bãi biển, Nhà hàng, Xe đưa đón ra sân bay, Quán bar, Không hút thuốc, ","https://lh5.googleusercontent.com/p/AF1QipOKyL2-Z_4v72mmaGbQQ4vzZMxc5nE1Z3qu7T5G, https://lh5.googleusercontent.com/p/AF1QipOjtwkJl5La15xWP4oEl9Ees0dvtVs5sRw7OZBT, https://lh5.googleusercontent.com/p/AF1QipNxWxtZSZDzcRsByws4Sts24imzTw2LzJjJS8h8, https://lh5.googleusercontent.com/p/AF1QipNJ3GqVTzhH1OLSP2edEkbTnA1DcEFF-W7K8Dih, "
