name,address,score,reviews count,latitude,longitude,province,category,price,discount,services,description images
Sunrise Hotel Bạc Liêu,"Khu Villa Vincom, Căn HG, 37 - 39 Trần Huỳnh, Phường 7, Bạc Liêu, Việt Nam","4,7",121,9.2905224,105.646344,Bạc Liêu,Khách sạn,710.077 ₫,Không có giảm giá,,"https://lh5.googleusercontent.com/p/AF1QipOwMkF8DPWQ7Uq0aYbL9lSUu6cAe8F1W_gjqdp9, https://lh5.googleusercontent.com/p/AF1QipMI9bt6P75lCULL0unltFCWwDmhYiNDJ6bIgh9g, https://lh5.googleusercontent.com/p/AF1QipOeEYKwDb5wqM56Oo7B-_Y8oio4CT7IXSq7XPbU, https://lh5.googleusercontent.com/p/AF1QipMilN4E2NHCJasrpKMcvECeU-Anv_lLwYZ9NnKH, "
Khách sạn Sài Gòn Bạc Liêu,"2-4-6, Hoàng Văn Thụ, Phường 3, Bạc Liêu, Việt Nam","3,9",907,9.284969,105.6516718,Bạc Liêu,Khách sạn 3 sao,619.021 ₫,Ít hơn 23% so với bình thường,"Wi-Fi miễn phí, Bữa sáng miễn phí, Đỗ xe miễn phí, Có điều hòa nhiệt độ, Dịch vụ giặt ủi, Trung tâm thương mại, Dịch vụ phòng, Phù hợp với trẻ em, Nhà hàng, Bồn tắm nước nóng, Spa, ","https://lh5.googleusercontent.com/p/AF1QipPcHkIqkTadB2J4_wmi4NhYi3zxBY_gXSj7thEa, https://lh5.googleusercontent.com/p/AF1QipPQLTE7YUJnPrO6M-Ngs8gHvFYM--6FXzEubBls, https://lh5.googleusercontent.com/p/AF1QipPehYGvxWkZk46YyjDEIHujyJlgzqy79ocfYsDe, https://lh5.googleusercontent.com/p/AF1QipOepRFaqAINSLJNodAbWlKv3kQ3cXzVnD85I-Ms, "
Khách sạn New Palace,"36 Trần Quang Diệu, Phường 1, Bạc Liêu, 260000, Việt Nam","4,0",865,9.3062771,105.6593533,Bạc Liêu,Khách sạn 5 sao,589.455 ₫,Ít hơn 21% so với bình thường,"Wi-Fi miễn phí, Bữa sáng miễn phí, Đỗ xe miễn phí, Bể bơi ngoài trời, Có điều hòa nhiệt độ, Dịch vụ giặt ủi, Dịch vụ phòng, Phù hợp với trẻ em, Nhà hàng, Spa, ","https://lh5.googleusercontent.com/p/AF1QipPfPOFRTy9zoAZs6tmv0NIzaxYfANikX5bl-QTx, https://lh5.googleusercontent.com/p/AF1QipNrSEy7DXb9Bp3QLJNq4J8a8L6MiIU-NJMngZ83, https://lh5.googleusercontent.com/p/AF1QipMyPkCUAt_yGZeZoK6RacIUkBFj_NhRbkjHV4GH, https://lh5.googleusercontent.com/p/AF1QipP7uaagERHSAmR4by53NS0WsSUI9oX0EwKIUILF, "
Khách sạn Trần Vinh,"85 - 87 Hai Bà Trưng, Phường 3, Bạc Liêu, Việt Nam","4,2",583,9.286511,105.6530583,Bạc Liêu,Khách sạn 3 sao,453.482 ₫,Không có giảm giá,"Wi-Fi miễn phí, Bữa sáng miễn phí, Đỗ xe miễn phí, Có điều hòa nhiệt độ, Dịch vụ giặt ủi, Phù hợp với trẻ em, Nhà hàng, ","https://lh5.googleusercontent.com/p/AF1QipNbPcl6t_LNzDuZN6X6LAZ4J9Sm_IJMTqn67nc, https://lh5.googleusercontent.com/p/AF1QipP1NcfgD2oh_UE4szhkKIKWVbQQWGwa8hAkKWE, https://lh5.googleusercontent.com/p/AF1QipPehsNjd_SSNUdQ8cyf0c-tMUtvP7WheG8OoUzi, https://lh5.googleusercontent.com/p/AF1QipO3qsluj1c9X_5mpe2xWyX9thiANAjdiDsz5F8, "
Hotel Royal,"8 Phan Đình Phùng, Phường 3, Bạc Liêu, Việt Nam","4,2",104,9.2875725,105.6547839,Bạc Liêu,Khách sạn,464.243 ₫,Không có giảm giá,"Wi-Fi miễn phí, Đỗ xe miễn phí, Có điều hòa nhiệt độ, Dịch vụ giặt ủi, ","https://lh5.googleusercontent.com/p/AF1QipMfHdEwxa_EeDMYazQUfZD4XdSuCV9zBtpHlo_c, https://lh5.googleusercontent.com/p/AF1QipNG1mbcWJqK8QQWZxjx3VXffEktf4Nw4Wi4nnWu, https://lh5.googleusercontent.com/p/AF1QipNQ0lVPvrRct1v5Zl9C_4sjmUb-XMcKgvuAOUsa, https://lh5.googleusercontent.com/p/AF1QipMhy2mNWfpeO6qClQ8TRldKVgnO167JDUok8nWZ, "
"Khách Sạn Đạt Ngọc, Khách sạn giá rẻ view đẹp, Khách sạn uy tín tại Bạc Liêu","488 Đường Võ Thị Sáu, Phường 3, Bạc Liêu, Việt Nam","2,7",98,9.2853523,105.6490336,Bạc Liêu,Khách sạn,1.247.720 ₫,Không có giảm giá,"Wi-Fi miễn phí, Dịch vụ giặt ủi, Bếp ở một số phòng, ","https://lh5.googleusercontent.com/p/AF1QipOB228LBHZ7PBDu1Mb2cgdDAntP8ilW8BtESHJA, https://lh5.googleusercontent.com/p/AF1QipMa0yiNB2aWDcFH2EnT9AykxbI3Xp3hpuyEKK_A, https://lh5.googleusercontent.com/p/AF1QipO9atgf_g-tmTBSQKRvJ2cffrIWdQHGiKNGC-29, https://lh5.googleusercontent.com/p/AF1QipOAUqn85OVoE37Bmrmo1FaIinpP4X4BiZAtcA0D, "
Royal Hotel,"63 Nguyễn Vĩnh Nghiệp, Phường 2, Bạc Liêu, Việt Nam","4,1",47,9.2778605,105.6510202,Bạc Liêu,Khách sạn 2 sao,427.094 ₫,Không có giảm giá,"Wi-Fi miễn phí, Đỗ xe miễn phí, Có điều hòa nhiệt độ, Dịch vụ giặt ủi, ","https://lh5.googleusercontent.com/p/AF1QipPDmpG6F-VllceL-99_joumo7ZlVXwzIEeWDs8W, https://lh5.googleusercontent.com/p/AF1QipOSHoJH9KTMrGAK452WyWRVssApD_X1FT42ghfK, https://lh5.googleusercontent.com/p/AF1QipN_UVORG6cZosZW4xrj6BPEhVTerVpCErVBDJbi, https://lh5.googleusercontent.com/p/AF1QipOkJchKxw-KRXdiNWf6-Jhw5e_YSKa3AQkUa8L-, "
Khách sạn Vân Nhi,"56 Đ. Lê Hồng Phong, Khu đô thị TM ven sông Bạc Liêu, Bạc Liêu, 84291, Việt Nam","4,3",169,9.2747278,105.6529311,Bạc Liêu,Khách sạn,330.000 ₫,Không có giảm giá,"Wi-Fi miễn phí, Đỗ xe miễn phí, Có điều hòa nhiệt độ, Dịch vụ giặt ủi, Chấp nhận vật nuôi, Xe đưa đón ra sân bay, ","https://lh5.googleusercontent.com/p/AF1QipNj8qMCIpvNRb4bxLbqU1PXPIsXGoyCPmiSuej6, https://lh5.googleusercontent.com/p/AF1QipNZLvfn1HGnMHSAmS1ccjT11JRmLkio0YtGSQMd, https://lh5.googleusercontent.com/p/AF1QipN-VksKPHS9wXoxoNeRR8CrIKOorqohZvZGVJCf, https://lh5.googleusercontent.com/p/AF1QipMjAzUXQRat8s30muEKaEqwFeRlZ1XWTMPdfByL, "
Khách Sạn Phụng Hoàng Vũ,"Số 89 Phan Văn Xoàn, Phường 3, Bạc Liêu, 84291, Việt Nam","4,4",100,9.2735786,105.6532001,Bạc Liêu,Khách sạn,364.000 ₫,Không có giảm giá,,"https://lh5.googleusercontent.com/p/AF1QipNJ0EOPQDK9N_qbw_kRG_8VUQGiQPeu_c03DU2f, https://lh5.googleusercontent.com/p/AF1QipPbNLkayhnPPXCq2_SpBuWtvMMYtthIuOh5s4Mi, https://lh5.googleusercontent.com/p/AF1QipPXPKNUe9Sd0DKcR-vnMl7D2SshgEOs8ONo6jsq, https://lh5.googleusercontent.com/p/AF1QipMQIW4111woJbt_J0o51mCDsiUaZuaXCrVSjT9F, "
Khách Sạn HOÀNG KIM,"31 Trần Huỳnh, Phường 8, Bạc Liêu, Việt Nam","4,3",138,9.292002,105.6431757,Bạc Liêu,Khách sạn,249.999 ₫,Không có giảm giá,"Wi-Fi miễn phí, Đỗ xe miễn phí, Có điều hòa nhiệt độ, Dịch vụ giặt ủi, Xe đưa đón ra sân bay, Không hút thuốc, ","https://lh5.googleusercontent.com/p/AF1QipP50QcqQuR3Q-2XRCRbDuGaBS1C4JF9e3tj-ooD, https://lh5.googleusercontent.com/p/AF1QipPx3dinEzwH-Tq8JK2t6fNA3aRW_VCIj8aw_99Z, https://lh5.googleusercontent.com/p/AF1QipNfkD3K01A6ENSmAaGOFZmKF-LEtRuw_djb-bYR, https://lh5.googleusercontent.com/p/AF1QipN3lndVGD6lSyxXb1-sstmsq-rBYRg3wUbBQT8T, "
Hotel Sen Việt Bạc Liêu,"86 Ninh Bình, Phường 2, Bạc Liêu, Việt Nam","3,9",91,9.2750888,105.6529961,Bạc Liêu,Khách sạn,280.000 ₫,Không có giảm giá,"Wi-Fi miễn phí, Đỗ xe miễn phí, Dịch vụ giặt ủi, ","https://lh5.googleusercontent.com/p/AF1QipPDR_scJRT-DNvdwYqgzoGADeEvS5unEYv4Pr4s, https://lh5.googleusercontent.com/p/AF1QipNzgu3QZuemuQx0b5ADAZiXbrrBkePR7CMfoiFG, https://lh5.googleusercontent.com/p/AF1QipOfnikhNtrpTGqTHAS8VSr_271O7gs2piGjgoX-, https://lh5.googleusercontent.com/p/AF1QipNnv-qwu-VL1JMLA8lYvUhS06tVs67sexqsXtut, "
Chí Hiếu Homestay,"3 Trần Văn Tất, Phường 1, Bạc Liêu, Việt Nam","3,3",203,9.2982181,105.654672,Bạc Liêu,Khách sạn 3 sao,181.465 ₫,Ít hơn 16% so với bình thường,"Wi-Fi miễn phí, Đỗ xe miễn phí, Có điều hòa nhiệt độ, Dịch vụ giặt ủi, ","https://lh5.googleusercontent.com/p/AF1QipNpDFfWmyeKxI7jTlmWIGUkUNA2pyVdKmyNZbhg, https://lh5.googleusercontent.com/p/AF1QipMcJ8doz1SXEkAQxJL-EiZrzuuxYvuoOQ4z6On0, https://lh5.googleusercontent.com/p/AF1QipP27ikx5m_8n8YQhZr16RjffWbXwcaCXoJXJBjh, https://lh5.googleusercontent.com/p/AF1QipMKEkKNfbL_ZFuVKjLwZN0RAvcDgWZW1FSAT7v-, "
Khách Sạn Văn Khang,"472 Trần Phú, Phường 7, Bạc Liêu, Việt Nam","4,8",121,9.3023808,105.6492436,Bạc Liêu,Khách sạn,291.000 ₫,Không có giảm giá,,"https://lh5.googleusercontent.com/p/AF1QipN9iznts6rPayEt9vldTndTnzbnK_xHOcYGX2Eq, https://lh5.googleusercontent.com/p/AF1QipMH49HNggR6QCLqbvt-Yp-LIV-c9ZE9wtcDgUc5, https://lh5.googleusercontent.com/p/AF1QipNsL2nMa3xN-jdo7qc_SR8g4zdUUByXMddGcoqB, https://lh5.googleusercontent.com/p/AF1QipNd5soZHWZl4d6yKNGwoA304AQgpwLdLU9jC9ui, "
HOTEL AN LÀNH,"146 Trần Huỳnh, Phường 1, Bạc Liêu, Việt Nam","5,0",30,9.2997123,105.6602356,Bạc Liêu,Khách sạn,263.153 ₫,Không có giảm giá,,"https://lh5.googleusercontent.com/p/AF1QipPXn6PPetal91orkWnMhT3GSJTTLD_3mVGoh3ti, https://lh5.googleusercontent.com/p/AF1QipOC6JFcRJ9XV3KOXYAs8Z8BEu6mRiqiMeEYgsdE, https://lh5.googleusercontent.com/p/AF1QipNnlnFeY5j59SBUJhl-5QR9yEvtsBwTedyKiZGH, "
Khách sạn Kim Hưng 2 Bạc Liêu,"331 - 332, Võ Thị Sáu, Phường 7, Bạc Liêu, Việt Nam","3,8",223,9.2887801,105.6458171,Bạc Liêu,Khách sạn,307.800 ₫,Không có giảm giá,"Wi-Fi miễn phí, Đỗ xe miễn phí, Có điều hòa nhiệt độ, Dịch vụ giặt ủi, ","https://lh5.googleusercontent.com/p/AF1QipOC_0JeTNRK2-LtsnbTvjyVDEDZhAldetJZFTXV, https://lh5.googleusercontent.com/p/AF1QipPrnPE3MTenO21_2sxBwlJfTl4pGRwlKtOMkMjo, https://lh5.googleusercontent.com/p/AF1QipPpc0FLoeHysvm1p6fTMaeyOqJxbvG3y9C9MLeI, https://lh5.googleusercontent.com/p/AF1QipM3dMx6sBPdj6tfE88w8JqLkix8N8wCLv9nTvvS, "
Khách Sạn Anh Tuấn,"48 Ninh Bình, khóm 4, Bạc Liêu, 970000, Việt Nam","4,5",94,9.2756185,105.6529865,Bạc Liêu,Khách sạn,333.333 ₫,Không có giảm giá,"Wi-Fi miễn phí, Bữa sáng có tính phí, Đỗ xe miễn phí, Phù hợp cho người khuyết tật, Có điều hòa nhiệt độ, Dịch vụ giặt ủi, Trung tâm thương mại, Chấp nhận vật nuôi, Dịch vụ phòng, Phù hợp với trẻ em, Nhà hàng, Bồn tắm nước nóng, Quán bar, Không hút thuốc, ","https://lh5.googleusercontent.com/p/AF1QipNZpD6JyTGpX0HDnhBA6L65eDlEwJ1rZXW4Yxjr, https://lh5.googleusercontent.com/p/AF1QipNG--yoFEows_qqwGNrox_fYzS9xwIwXeu-m78k, https://lh5.googleusercontent.com/p/AF1QipNf8rPizlXu2yUCkJTPCNNQx9cpVCod46PMV9ip, https://lh5.googleusercontent.com/p/AF1QipPmBJtyq8qxHlQ8qjOmqwRVEBA51D8j_rzQU2Rt, "
Khách sạn Hoàng Sa,"234B/7 Hoàng Sa, Phường Nhà Mát, Bạc Liêu, 961300, Việt Nam","4,6",11,9.2106684,105.6724966,Bạc Liêu,Khách sạn 2 sao,339.298 ₫,Không có giảm giá,"Wi-Fi miễn phí, Đỗ xe miễn phí, Có điều hòa nhiệt độ, Dịch vụ giặt ủi, Bếp ở một số phòng, ","https://lh5.googleusercontent.com/p/AF1QipOs9ms4ROpReX7ScStkyMhmnqUlqs9pHgTlDof2, https://lh5.googleusercontent.com/p/AF1QipOz8u2r8PdD6H1jX7J0RmJ4SSBpYUPuu2Ho0V1l, https://lh5.googleusercontent.com/p/AF1QipOIR8cDpc5pdaldz_-llsdY-BqVMP_4o_bGTHjY, https://lh5.googleusercontent.com/p/AF1QipOYd4mbQiHj1Ew9ZvP3rBuIDS0V16hPLQ7GnTS-, "
Khách sạn Gia Nghiêm,"150 Võ Thị Sáu, Phường 8, Bạc Liêu, Việt Nam","4,7",19,9.293348,105.6389355,Bạc Liêu,Khách sạn,350.000 ₫,Không có giảm giá,"Wi-Fi, ","https://lh5.googleusercontent.com/p/AF1QipOFinN5Rc5NU3vwNd4p1j0mmEbwPuP0uzLwCr_D, https://lh5.googleusercontent.com/p/AF1QipNqWqO_hwSmFRdr6XKaIzVLygwOCxi0ESDEu0uy, https://lh5.googleusercontent.com/p/AF1QipNUuxgeMpkp0nJ8JWrPGl_xgk5Srj2PQkM5_69L, https://lh5.googleusercontent.com/p/AF1QipOI2FYJqE41x5xNmazK5qlGSdTpX4dEGe4kVcBR, "
Motel Happy House,"Phường 1, Bạc Liêu, Việt Nam","4,8",35,9.2901562,105.6517866,Bạc Liêu,Khách sạn,351.548 ₫,Không có giảm giá,,"https://lh5.googleusercontent.com/p/AF1QipMECJCvZzdv1N4oEmuvbNptV917c4SLqHnuNZSN, https://lh5.googleusercontent.com/p/AF1QipOZB6eLlzZH83UHVO24XdJxDrlxBAOYdtyG0DFa, https://lh5.googleusercontent.com/p/AF1QipNAa9c2fs-gUmqKEIqGpLqflm1-FZzKdPOjunHw, https://lh5.googleusercontent.com/p/AF1QipOTPJjnjEdKQFZXl8MK2huv1Ox_KdFuQ67AzjhH, "
Nhà Trọ Hoàng Uyên Phương,"36 Nguyễn Đình Chiểu, Phường 7, Bạc Liêu, Việt Nam","4,2",27,9.2941921,105.6452462,Bạc Liêu,Khách sạn,3.357.745 ₫,Không có giảm giá,,"https://lh5.googleusercontent.com/p/AF1QipNMY26I18TmGw-04K4Yfk_NHW52_X0Owm5AU1Gq, https://lh5.googleusercontent.com/p/AF1QipNdsRIZEBuwkMHkJtbFDxHO6aPRzLVcSfBHqSxB, https://lh5.googleusercontent.com/p/AF1QipPGxpc4foMDen2PfWkNXT066EqzSOY-F9o0AGBC, https://lh5.googleusercontent.com/p/AF1QipMLQGbdr8o1AJ2K9Vtr7Bh6VbaF4AQoG5eKW-Go, "
Nhà Trọ Hoàng Uyên Phương,"36 Nguyễn Đình Chiểu, Phường 7, Bạc Liêu, Việt Nam","4,2",27,9.2941921,105.6452462,Bạc Liêu,Khách sạn,3.357.410 ₫,Không có giảm giá,,"https://lh5.googleusercontent.com/p/AF1QipNMY26I18TmGw-04K4Yfk_NHW52_X0Owm5AU1Gq, https://lh5.googleusercontent.com/p/AF1QipNdsRIZEBuwkMHkJtbFDxHO6aPRzLVcSfBHqSxB, https://lh5.googleusercontent.com/p/AF1QipPGxpc4foMDen2PfWkNXT066EqzSOY-F9o0AGBC, https://lh5.googleusercontent.com/p/AF1QipMLQGbdr8o1AJ2K9Vtr7Bh6VbaF4AQoG5eKW-Go, "
Motel Sơn Tùng,"Motel Sơn Tùng, 205 23 Tháng 8, Phường 8, Bạc Liêu, Việt Nam","4,3",107,9.2952952,105.6389132,Bạc Liêu,Khách sạn 3 sao,280.000 ₫,Không có giảm giá,"Wi-Fi miễn phí, Đỗ xe miễn phí, Có điều hòa nhiệt độ, Dịch vụ giặt ủi, ","https://lh5.googleusercontent.com/p/AF1QipNP4DZlosPQ2IdIGfjx6qhaCX94v3saqL-USOjc, https://lh5.googleusercontent.com/p/AF1QipMAvIaLpEv4ACdpqbZMemSYmEFGHESf9PhRJ4U, https://lh5.googleusercontent.com/p/AF1QipPc9FtLEB5wG1ScLzOVMTql3EYISPKF5y1sgqAI, https://lh5.googleusercontent.com/p/AF1QipPJspWZ7pHEFgzoKDLKLiQ77-pMjKxHFBSJZ_UK, "
THIÊN ÂN BOUTIQUE HOTEL,"Khu Villa Vincom Trần Huỳnh, HG01, Trần Huỳnh, Phường 7, Bạc Liêu, 84291, Việt Nam","4,9",39,9.2921678,105.6456255,Bạc Liêu,Khách sạn,Không có giá,Không có giảm giá,,"https://lh5.googleusercontent.com/p/AF1QipPCi4Uo6Mw0TeBaUtXWx8EKncGHr9a-VZclWwdd, https://lh5.googleusercontent.com/p/AF1QipNrdHk06v01iS9EA99lfkM1HtlPcq9TCXJ9qVJ_, https://lh5.googleusercontent.com/p/AF1QipN8OkvMes-oapjfzjswZVGMOGyjbeeayymZt4mC, https://lh5.googleusercontent.com/p/AF1QipP-dumcU7RgQEeyeRdauf2WL5ZBtzU_pevzXdP6, "
Sunrise Homestay Vincom Bạc Liêu,"Khu Villa Vincom, Căn PG, 02-08 Trần Huỳnh, Phường 7, Bạc Liêu, Việt Nam","5,0",11,9.2917659,105.6466,Bạc Liêu,Khách sạn,Không có giá,Không có giảm giá,,"https://lh5.googleusercontent.com/p/AF1QipNjp0YJw9CDb7TO0dlIJGKgbTpcCZx5PyNizh9h, https://lh5.googleusercontent.com/p/AF1QipMZWK7N6_wnTFnNPaI2IxA7OZt5EvJmarUa0JNs, https://lh5.googleusercontent.com/p/AF1QipOUdJJzRUHivX_tHrF0H1_f4AtmQf6XV2Tw1Njf, https://lh5.googleusercontent.com/p/AF1QipMYv_GgTVT-4G4M9Dotq5z7wW5_vHi6872OKthH, "
Ngọc Cường,"474 Trần Phú, Phường 7, Bạc Liêu, Việt Nam","3,3",46,9.3023137,105.6491544,Bạc Liêu,Khách sạn,250.000 ₫,Không có giảm giá,"Wi-Fi miễn phí, Đỗ xe miễn phí, Có điều hòa nhiệt độ, Dịch vụ giặt ủi, ","https://lh5.googleusercontent.com/p/AF1QipOrd9Wpk0Eu3_zPqiF1lZrRSEhqBt4roeZf3P-W, https://lh5.googleusercontent.com/p/AF1QipPBncQZED9rIL6O0wrHFiwHCYsSdZMIpXYSY2aC, https://lh5.googleusercontent.com/p/AF1QipPcg8maBZdjUleX0Iivnf-ywZtHqjEIZWp_SNDZ, https://lh5.googleusercontent.com/p/AF1QipMilwyMijR5iAHsN9_UKo3geriAfAsjAITK1BZR, "
Nhà nghĩ Cao Thắng,"30-32 Nguyễn Thị Bùi, Phường 2, Bạc Liêu, Việt Nam","4,8",38,9.2695438,105.6535435,Bạc Liêu,Khách sạn,222.000 ₫,Không có giảm giá,,"https://lh5.googleusercontent.com/p/AF1QipMXTUhfQTAJRWSkra1tbawDy29SIoMUWjNY9F8x, https://lh5.googleusercontent.com/p/AF1QipNFqfNACPAWnUQiNvruJCNs8WwWuDAv4gjywzba, https://lh5.googleusercontent.com/p/AF1QipM18ZM6DdW7VwEIejmPRCv9IX4h4Pix8zjrlBAJ, https://lh5.googleusercontent.com/p/AF1QipOfhTy-IGXatJPtHtluEMe5ik7B2su4h1cb7tS4, "
Hotel Hoàng Gia 2,"7PR8+V7C, Phường 7, Bạc Liêu, Việt Nam","4,2",38,9.2926038,105.6433651,Bạc Liêu,Khách sạn,Không có giá,Không có giảm giá,,"https://lh5.googleusercontent.com/p/AF1QipPvLV7jNqVwofo8h7W7k5dLhmR3Y73Ba1io-6TU, https://lh5.googleusercontent.com/p/AF1QipNS0xIzEBg4FEhB3f5WmBEWPpyQvzMzcpCRreLR, https://lh5.googleusercontent.com/p/AF1QipNfXvDMvTG70WKZ7RyQtWGRz2K5UWf-moJigPY2, https://lh5.googleusercontent.com/p/AF1QipOrv1Yv_frCGIDxgv5bPkRG9zXpF0DrqSPhL_7o, "
Resort Hồ Nam,"2 Trần Quang Diệu, Khóm 10, Bạc Liêu, Việt Nam","4,0",98,9.3029541,105.6600015,Bạc Liêu,Khách sạn 3 sao,Không có giá,Không có giảm giá,"Wi-Fi miễn phí, Bữa sáng miễn phí, Đỗ xe miễn phí, Bể bơi ngoài trời, Dịch vụ giặt ủi, Dịch vụ phòng, Nhà hàng, Spa, Sân gôn, ","https://lh5.googleusercontent.com/p/AF1QipMAYB9K0OcYH07lT_sJzc-Hckt-1_SrArtpnj81, https://lh5.googleusercontent.com/p/AF1QipMUU_7lqqGOO15zmowH3aHS9EoZMHy3-eossfwb, https://lh5.googleusercontent.com/p/AF1QipN_YSY_JquzwWhHuNxSEf9ARxXeyXtjgINnh2uQ, https://lh5.googleusercontent.com/p/AF1QipMSf0SCC1aXTKKkeuJHIjoixqY917uCcUTUGpoI, "
Khách Sạn Hoàng Gia,"47 Trần Huỳnh, Phường 7, Bạc Liêu, Việt Nam","3,6",429,9.2928479,105.6457212,Bạc Liêu,Khách sạn 1 sao,Không có giá,Không có giảm giá,"Wi-Fi miễn phí, Có điều hòa nhiệt độ, Dịch vụ giặt ủi, ","https://lh5.googleusercontent.com/p/AF1QipMVO6HngKE52c6Lu-ue98NuOECTrbw0Nra-fzjK, https://lh5.googleusercontent.com/p/AF1QipOVa_Xc67uDT2g_9a6WL1USB4uDK9gQvbbz1nnO, https://lh5.googleusercontent.com/p/AF1QipPh2KObMK3BhgbQ1Dm-zCnh0PZS8B6e0MMdSN1Y, https://lh5.googleusercontent.com/p/AF1QipM2_XSHahwgNKEhgc0qDMKeOrIZGU8PwpqStYpQ, "
Khách sạn Trần Vinh 2,"05-07 đường 30/4, phường 3, Bạc Liêu, 97106, Việt Nam","4,2",77,9.2872591,105.6526774,Bạc Liêu,Khách sạn,Không có giá,Không có giảm giá,,"https://lh5.googleusercontent.com/p/AF1QipNuFPzinbdnw1Eeq9i-lDBbbLpQHiiP3XNnlRsN, https://lh5.googleusercontent.com/p/AF1QipMP6c_4MaIw00KPG_yBGGNrvmBVgOEIaGtkYKac, https://lh5.googleusercontent.com/p/AF1QipPuEpWEGrbhlNGeWSOuwEP420sWZikAPiJPJKgg, https://lh5.googleusercontent.com/p/AF1QipMgC93NWmSul0bZuuSjgTBjgX5gK3zwBAnGwPTX, "
Dream Palace Hotel,"9, Cai Day Hamlet, Chau Hung, Vinh Loi, Việt Nam","3,6",75,9.3346111,105.644601,Bạc Liêu,Khách sạn 2 sao,Không có giá,Không có giảm giá,"Có điều hòa nhiệt độ, Phù hợp với trẻ em, ","https://lh5.googleusercontent.com/p/AF1QipMqIKB3Byp14wDTBAIXmkmEigiOZplZw7EKW1vX, https://lh5.googleusercontent.com/p/AF1QipPZ1erdITAOksm7tIVIF5JLWJYOEKOYph5GJTeP, https://lh5.googleusercontent.com/p/AF1QipP03QaLWnfP-Xw6vyQFJT7Zz5Pa-OCYNi3IMHGx, https://lh5.googleusercontent.com/p/AF1QipPtVlZPmrvLrvjBjze5GrFROmQMuhSVeOcG0to, "
Nhà nghỉ bình dân số 3 Bạc Liêu,"63 Đường Nguyễn Thị Bùi, khóm 3, Bạc Liêu, Việt Nam","4,7",103,9.2693879,105.6531044,Bạc Liêu,Khách sạn,187.500 ₫,Không có giảm giá,,"https://lh5.googleusercontent.com/p/AF1QipODKsaHA04isJydwJxhpUPgmon0FJyI5vSygkpf, https://lh5.googleusercontent.com/p/AF1QipMEnwjC0MyAwBQpdSmBPUL-yQ0U_30nnf29kUSv, https://lh5.googleusercontent.com/p/AF1QipNTcOX7i5ot3Vz4uOlRBc1TYljkjVDKvtrdlrNH, https://lh5.googleusercontent.com/p/AF1QipNCxel0AbIgtffhDoKd1o7LErAMoijUQQ2Nz3T7, "
Nha Mat Resort,"District, Nha Mat Resort, Bạc Liêu, Việt Nam","4,0",255,9.2043268,105.6720892,Bạc Liêu,Khách sạn 3 sao,Không có giá,Không có giảm giá,"Wi-Fi miễn phí, Bữa sáng miễn phí, Đỗ xe miễn phí, Bể bơi ngoài trời, Có điều hòa nhiệt độ, Dịch vụ giặt ủi, Có đường ra bãi biển, Phù hợp với trẻ em, Nhà hàng, Xe đưa đón ra sân bay, ","https://lh5.googleusercontent.com/p/AF1QipNl7hIAbhVLAdpEc2ngcfCL9RkI5CJtVEe_BBuh, https://lh5.googleusercontent.com/p/AF1QipPbGPpo368_9yjbXayyuP7VnblZqTLcdutRE3qt, https://lh5.googleusercontent.com/p/AF1QipPBFMmEo-GD1YwgPhv0kniDwA4c4mIKiySsEOKI, https://lh5.googleusercontent.com/p/AF1QipMQ-wfrO17Gpcecpsnp6aGhAbHMbORixiliXuLJ, "
Khách sạn Như Toàn,"7PJF+247, Nguyễn Thị Minh Khai, Phường 2, Bạc Liêu, Việt Nam","3,6",213,9.2800363,105.6507111,Bạc Liêu,Khách sạn,Không có giá,Không có giảm giá,"Wi-Fi miễn phí, Đỗ xe miễn phí, Có điều hòa nhiệt độ, Dịch vụ giặt ủi, Phù hợp với trẻ em, ","https://lh5.googleusercontent.com/p/AF1QipMoe29TO56svKHyiNp_Vtgc7gonbkVCkTVaBng, https://lh5.googleusercontent.com/p/AF1QipM1J39UpTnZZL377o2xykM9VBq5A_pqjWVvZTrR, https://lh5.googleusercontent.com/p/AF1QipPMe5m-2LpYOKGjC7fsvQmH7nljuIPlzqOnBWEf, https://lh5.googleusercontent.com/p/AF1QipNoLnlCvsbEdN5PBUYeYEyqA7w06O-o4w8CBWxk, "
Nhà khách số 1 Hùng Vương,"số 1 Hùng Vương, Phường 7, Tp. Bạc Liêu, Bạc Liêu, Việt Nam","3,9",393,9.2921743,105.6522664,Bạc Liêu,Khách sạn 1 sao,Không có giá,Không có giảm giá,"Wi-Fi miễn phí, Đỗ xe miễn phí, Có điều hòa nhiệt độ, Dịch vụ giặt ủi, Nhà hàng, ","https://lh5.googleusercontent.com/p/AF1QipOetq29d8EWldPLKqE77QApzPIKCQ7n_KIXShWN, https://lh5.googleusercontent.com/p/AF1QipMkIVrtwuxj2SVaadeU7J8GBuRD6kbzn1cCbmlm, https://lh5.googleusercontent.com/p/AF1QipO3qcgzpt4QB-XkzpERHm1ONUlXDhABFK804oTF, https://lh5.googleusercontent.com/p/AF1QipPBP0X17ZrjXTfBi6-imfKdlurJ296leGk2awfS, "
Khách Sạn Đại Tân Tân,"Nhà Mát, Bạc Liêu, Việt Nam","3,8",134,9.2121287,105.670053,Bạc Liêu,Khách sạn,Không có giá,Không có giảm giá,"Có điều hòa nhiệt độ, Chấp nhận vật nuôi, Phù hợp với trẻ em, ","https://lh5.googleusercontent.com/p/AF1QipPLcoQKwSK9kOsGVBJDGFfetfLJvNviObZ3PuI, https://lh5.googleusercontent.com/p/AF1QipM0dC4kK-xP3eCiSrw8hC3PiWsGKlXcgbjFP-4w, https://lh5.googleusercontent.com/p/AF1QipMbwVa-FybKwH03Pj1C5XmRb7LdyVA_cCAAws1A, https://lh5.googleusercontent.com/p/AF1QipMZBTfo4ryoL90bi5-Vg721Q_kpN6IMQg34qoZ6, "
Khách Sạn Hồng Ân,"89 Đ. Số 6, Phường 2, Bạc Liêu, Việt Nam","3,4",24,9.273432,105.6531972,Bạc Liêu,Khách sạn,Không có giá,Không có giảm giá,,"https://lh5.googleusercontent.com/p/AF1QipNj7cXsyd8i46WhMjMVrvHMINC8QrgwT-huak9_, https://lh5.googleusercontent.com/p/AF1QipP4i5MfwnOXEqaBZfifXnMIFQUfXG5x22q8cpuV, https://lh5.googleusercontent.com/p/AF1QipN1q0HNTNyer7xDlaMKqIf-SON0nf2v2ME4DtUw, "
HOTEL ANH TUẤN,"QL1A, Phường 7, Bạc Liêu, Việt Nam","3,7",9,9.3132316,105.6474376,Bạc Liêu,Khách sạn,Không có giá,Không có giảm giá,,"https://lh5.googleusercontent.com/p/AF1QipMoKQ5kLxFJIjQRiyew8tmkuKF1Xs-JEzKAYf_P, https://lh5.googleusercontent.com/p/AF1QipNil240EbSTVszRWqRgcygHSX6JONMbex7rCsBz, https://lh5.googleusercontent.com/p/AF1QipMet3u-YJsZf0aqufMlNR1KO4KN3mY_p6pIMZkx, https://lh5.googleusercontent.com/p/AF1QipPcb2NxawD8vgpnf7vnzjjBx7JpPCOuzefmlbsw, "
Khách Sạn Lê Minh,"94 23 Tháng 8, Phường 7, Bạc Liêu, Việt Nam","3,0",41,9.2975118,105.6469252,Bạc Liêu,Khách sạn,Không có giá,Không có giảm giá,"Wi-Fi miễn phí, Đỗ xe miễn phí, Có điều hòa nhiệt độ, Dịch vụ giặt ủi, ","https://lh5.googleusercontent.com/p/AF1QipP4t3RB9iSTHHljk9O53NxWvkd7PX00CVeeJnWM, https://lh5.googleusercontent.com/p/AF1QipOKdmJ1RW6ydCrE_LcVYn01lA8Di6daNp-i7Tbo, https://lh5.googleusercontent.com/p/AF1QipPJpf0Lc00uNqYyPdOlGGkD_guF3U9ZlSymsKUl, https://lh5.googleusercontent.com/p/AF1QipOruvqE9CsURH76fPaFKaNp82MEYGo_x8k-r6d_, "
Palace Hotel 2,"48 Phạm Ngũ Lão, Phường 5, Bạc Liêu, Việt Nam","4,0",3,9.2850983,105.6562645,Bạc Liêu,Khách sạn,Không có giá,Không có giảm giá,,
Hotel massage Riverside,"56 Cao Văn Lầu, Phường Nhà Mát, Bạc Liêu, Việt Nam","3,9",16,9.2465094,105.658803,Bạc Liêu,Khách sạn,Không có giá,Không có giảm giá,"Wi-Fi miễn phí, Đỗ xe miễn phí, Dịch vụ giặt ủi, ","https://lh5.googleusercontent.com/p/AF1QipPFgtJhqhcuAGZDO6Iail9PV0H9n3xP9-TU6gnp, https://lh5.googleusercontent.com/p/AF1QipMBaqTSo339GRQQybJcvsyB-zYTe_SVLeu-KDA1, https://lh5.googleusercontent.com/p/AF1QipNvlasBhaVFRudtdp_fCCoGhQSyW42SM4q22t_o, https://lh5.googleusercontent.com/p/AF1QipNjNLm6SV6_bR3gVntD2ua5PCp6Lst9O58wdmIn, "
Anh Tuấn HOTEL,"182 Trần Phú, Phường 7, Bạc Liêu, Việt Nam","4,6",5,9.2921325,105.6497587,Bạc Liêu,Khách sạn,Không có giá,Không có giảm giá,,
KHÁCH SẠN NHƯ BÌNH 2,"370 QL1A, Tân Tạo, Vĩnh Lợi, Bạc Liêu, Việt Nam","3,5",50,9.3178218,105.6467641,Bạc Liêu,Khách sạn,Không có giá,Không có giảm giá,"Wi-Fi miễn phí, Đỗ xe miễn phí, Có điều hòa nhiệt độ, Dịch vụ giặt ủi, Phù hợp với trẻ em, ","https://lh5.googleusercontent.com/p/AF1QipNPhVc2cQc8rYOn-cLmMzU66dyxlkxI1qcC-QQN, https://lh5.googleusercontent.com/p/AF1QipM15x2RPEk8C5NurOwKjtmtVbve0CJB_F1xo7I, https://lh5.googleusercontent.com/p/AF1QipM_-UHZ_Jyn9UBVd4OvLt9xten6Zydgcx9Ql7Wj, https://lh5.googleusercontent.com/p/AF1QipPfX0n11wVyOmv8plRce7a_pCkX0_ljgi1aSaZR, "
Khách sạn Kiều Hối,"28 Hòa Bình, Phường 3, Bạc Liêu, Việt Nam","2,3",6,9.2875741,105.64864,Bạc Liêu,Khách sạn,Không có giá,Không có giảm giá,,
Nhà Nghỉ Đào Hảo (Ánh My),"15 Lê Duẩn, Phường 1, Bạc Liêu, Việt Nam","5,0",7,9.2979857,105.6539947,Bạc Liêu,Khách sạn,Không có giá,Không có giảm giá,"Wi-Fi miễn phí, Đỗ xe miễn phí, Có điều hòa nhiệt độ, Dịch vụ giặt ủi, ","https://lh5.googleusercontent.com/p/AF1QipOz5Y8hKNXY9uKipc8S0R6HWv5mwqsV0uZLnpw, https://lh5.googleusercontent.com/p/AF1QipPC8-n7BbEXuF6rblPEoiPnYl8O6GneAGSsOfE, https://lh5.googleusercontent.com/p/AF1QipNZJM80isiE10AnR8WoDYC4aU8WRiYX4LZ9IdA, https://lh5.googleusercontent.com/p/AF1QipPEnVStKU15TGBnCJ_fdy-zis4wPbB1Pi2b7E8, "
Nhà nghỉ nhật quang (BÙI HẢO),"6P4P+VW6, Nhà Mát, Bạc Liêu, Việt Nam",Chưa xét,0,9.2071403,105.6650096,Bạc Liêu,Khách sạn,Không có giá,Không có giảm giá,,
Nhà Nghỉ Bình An,"15 Lê Duẩn, Phường 1, Bạc Liêu, Việt Nam","4,1",18,9.2981625,105.6543623,Bạc Liêu,Khách sạn,Không có giá,Không có giảm giá,,"https://lh5.googleusercontent.com/p/AF1QipPTt_98GcCJyUVIVElRTD2pULrBsHXK2csESawx, https://lh5.googleusercontent.com/p/AF1QipPTt_98GcCJyUVIVElRTD2pULrBsHXK2csESawx, https://lh5.googleusercontent.com/p/AF1QipPTt_98GcCJyUVIVElRTD2pULrBsHXK2csESawx, "
Khách sạn Mường Thanh Grand Bắc Giang,"Quảng trường, 3/2, Bắc Giang 26107, Việt Nam","4,2",1.245,21.2823893,106.1673089,Bắc Giang,Khách sạn 4 sao,692.996 ₫,Ít hơn 30% so với bình thường,"Wi-Fi miễn phí, Bữa sáng miễn phí, Đỗ xe miễn phí, Phù hợp cho người khuyết tật, Bể bơi ngoài trời, Có điều hòa nhiệt độ, Dịch vụ giặt ủi, Trung tâm thương mại, Dịch vụ phòng, Phù hợp với trẻ em, Nhà hàng, Xe đưa đón ra sân bay, Spa, Trung tâm thể dục, ","https://lh5.googleusercontent.com/p/AF1QipOtmDxkuFMtmozwJeqdRSVzodqt_sqpwZXKaSpV, https://lh5.googleusercontent.com/p/AF1QipMINGyJNqoRpKUy9awoB4Mv1ue_oADEr3Z_BdCb, https://lh5.googleusercontent.com/p/AF1QipPFFhv5ic4UfOeIaPtyQJ9WqL2pRbTfvUbHPcsX, https://lh5.googleusercontent.com/p/AF1QipPiQMbgE6pBxGLva2KmWsfqbqtG5ylXdkWIbJkj, "
Korea Hotel Bac Giang,"10 Minh Khai 2, Dĩnh Kế, Bắc Giang, Việt Nam","3,9",51,21.2777045,106.1739037,Bắc Giang,Khách sạn,409.947 ₫,Không có giảm giá,"Wi-Fi miễn phí, Đỗ xe miễn phí, Có điều hòa nhiệt độ, Dịch vụ giặt ủi, Dịch vụ phòng, Phù hợp với trẻ em, Bếp ở một số phòng, Xe đưa đón ra sân bay, Không hút thuốc, ","https://lh5.googleusercontent.com/p/AF1QipN4DkIZOCxrbkNY4-aSsde9wKqgAHeHCsuy--Kz, https://lh5.googleusercontent.com/p/AF1QipONJlJk5XQagBlDa5Fbs7jqQHCKw-69WnzDlyRx, https://lh5.googleusercontent.com/p/AF1QipOqgN0dNUyFpYxmpt366qQvoxh1IxIC4MUQCY1e, https://lh5.googleusercontent.com/p/AF1QipPJcj9Ljuu4fdFUbLyvL-nZFTJDg1n_YCZ7D7x_, "
Mandala Hotel & Suites Bắc Giang,"55 Nguyễn Văn Cừ, Phường Ngô Quyền, Bắc Giang, Việt Nam","4,8",254,21.2777045,106.1430047,Bắc Giang,Khách sạn,548.570 ₫,Ít hơn 36% so với bình thường,"Wi-Fi miễn phí, Bữa sáng miễn phí, Đỗ xe miễn phí, Phù hợp cho người khuyết tật, Bể bơi, Có điều hòa nhiệt độ, Dịch vụ giặt ủi, Dịch vụ phòng, Phù hợp với trẻ em, Nhà hàng, Bếp ở một số phòng, Xe đưa đón ra sân bay, Quán bar, Không hút thuốc, ","https://lh5.googleusercontent.com/p/AF1QipPCETcllgALipKLAhsXpzGl-Cy8ssDjNjurDRkz, https://lh5.googleusercontent.com/p/AF1QipMUr1Zj4NWBv9cjQ6maDA1f6OlGjGFztTtJ5Rwo, https://lh5.googleusercontent.com/p/AF1QipMsDUuip2UJYLdELe2Tx2gelpY1lzYsyfsHwkNR, https://lh5.googleusercontent.com/p/AF1QipOOstR7QX-AM9wrx143S8nz4yypGfJS9WNon5cx, "
LINN HOTEL,"218 Nguyễn Thị Lưu, Phường Ngô Quyền, Bắc Giang, Việt Nam","5,0",184,21.2823068,106.1655589,Bắc Giang,Khách sạn,815.156 ₫,Không có giảm giá,"Wi-Fi miễn phí, Bữa sáng miễn phí, Đỗ xe miễn phí, Có điều hòa nhiệt độ, Dịch vụ giặt ủi, Nhà hàng, Bếp trong tất cả các phòng, Spa, Không hút thuốc, ","https://lh5.googleusercontent.com/p/AF1QipPGhv8EWVxQu1JKLOtKhFddQcQLQfB1Tu_A-gl1, https://lh5.googleusercontent.com/p/AF1QipM8gCg2zEzIylanLpVnUqfe2s-DRp55MNa7b81K, https://lh5.googleusercontent.com/p/AF1QipNxP8veqrqpfwmRERCPpZntFBmxM08Z_AoVQPDi, https://lh5.googleusercontent.com/p/AF1QipPMKh6rFzd2Qeh9xbg82fC6wCfZeGu8mVDn1bBP, "
RAVATEL LUXURY HOTEL BAC GIANG,"Đường Hùng Vương 1, Phường Lê Lợi, Bắc Giang, 26000, Việt Nam","4,4",120,21.2686372,106.1691305,Bắc Giang,Khách sạn,720.000 ₫,Không có giảm giá,"Wi-Fi miễn phí, Bữa sáng miễn phí, Đỗ xe miễn phí, Phù hợp cho người khuyết tật, Có điều hòa nhiệt độ, Dịch vụ giặt ủi, Dịch vụ phòng, Phù hợp với trẻ em, Nhà hàng, Bếp ở một số phòng, Xe đưa đón ra sân bay, Trung tâm thể dục, ","https://lh5.googleusercontent.com/p/AF1QipOzIVpXWtTYWg7vdkdGFNEsW4SgUvgTCXjzU6f_, https://lh5.googleusercontent.com/p/AF1QipO0WM1341gfVF0Jp3leYYDcSVsmoTLtM2Hw8PZA, https://lh5.googleusercontent.com/p/AF1QipPOEjEiHWdWMa7Lb0tpTDgZDGW03F8ceZ6WFPi4, https://lh5.googleusercontent.com/p/AF1QipMTPD6L0P-NQeGTd_-dEvMegzidYpPT8H3GFUMa, "
Sojo Hotel Bac Giang,"Số 8 Nguyễn Văn Cừ, Phường Trần Phú, Bắc Giang, 26000, Việt Nam","4,8",129,21.2766819,106.1584625,Bắc Giang,Khách sạn,770.000 ₫,Không có giảm giá,"Wi-Fi miễn phí, Bữa sáng miễn phí, Đỗ xe miễn phí, Bể bơi, Dịch vụ giặt ủi, Nhà hàng, Spa, Không hút thuốc, ","https://lh5.googleusercontent.com/p/AF1QipMtsCckH02wPTo0DMwZ7bXRzDniatY4BDmUspkg, https://lh5.googleusercontent.com/p/AF1QipPje72S_Cp46qhlcCP_xUivntjSz9vBpwWnjKq1, https://lh5.googleusercontent.com/p/AF1QipOoJnMe6VPJmP_ZySnfYQ1V3GxeB4Icefa9JBsY, https://lh5.googleusercontent.com/p/AF1QipN4iXC8obyVExxMv1vRKayT8dq0wM62TRUaOvso, "
Khách sạn Bắc Giang,"8 Nguyễn Văn Cừ, Phường Trần Phú, Bắc Giang, 26000, Việt Nam","3,5",232,21.276813,106.1583918,Bắc Giang,Khách sạn 4 sao,738.437 ₫,Không có giảm giá,"Wi-Fi miễn phí, Đỗ xe miễn phí, Bể bơi, Có điều hòa nhiệt độ, Dịch vụ giặt ủi, Chấp nhận vật nuôi, Nhà hàng, ","https://lh5.googleusercontent.com/p/AF1QipPX7yljWu4K0vSvXdXKHiEgG_JBEkWi8RqCvuEb, https://lh5.googleusercontent.com/p/AF1QipO1oSLtCqntwjMN02seZGi8eWT6_YN4UVpYPWCm, https://lh5.googleusercontent.com/p/AF1QipOgHFOuKz6kbMfqbSjY2R-of6PywxIDNHpXKk2f, https://lh5.googleusercontent.com/p/AF1QipMc2RGKCt4gMvx1BhVwj-K4UqxSiKBGQ8nFEPoM, "
Khách sạn Hương Sơn - Bắc Giang,"84 đường Hoàng Văn Thụ, Phường Hoàng Văn Thụ, Bắc Giang, Việt Nam","3,4",169,21.2786466,106.1676351,Bắc Giang,Khách sạn,296.999 ₫,Không có giảm giá,"Wi-Fi miễn phí, Đỗ xe miễn phí, Có điều hòa nhiệt độ, Dịch vụ giặt ủi, ","https://lh5.googleusercontent.com/p/AF1QipM-y-yTxaeEx45VQI-AoGzfEy2YJ0c1KicWPZbi, https://lh5.googleusercontent.com/p/AF1QipNqVdbT4MMd29WUG4p8Yv0Pf54OnMTrdVs7dWwr, https://lh5.googleusercontent.com/p/AF1QipMfGUSRwYGdrpPVJB7RPNUI5c4Ud8LIcQ7HuNpF, https://lh5.googleusercontent.com/p/AF1QipMBAsV1WRjA3MGlVwnMdpW_ZoXzhchnmBvL9_2t, "
Khách sạn Hải An Bắc Giang (海安酒店）,"2 Cả Trọng, Phường Hoàng Văn Thụ, Bắc Giang, 02043, Việt Nam","4,4",44,21.2750474,106.1684068,Bắc Giang,Khách sạn,720.662 ₫,Không có giảm giá,,"https://lh5.googleusercontent.com/p/AF1QipNQI4YCdcN_3_pnpXgZZf1vARquF0lEMGsUr8VQ, https://lh5.googleusercontent.com/p/AF1QipMDXwWLdQKWYmIaKeQ1IwMVCNkya_yU1WmZWjco, https://lh5.googleusercontent.com/p/AF1QipM3GT5Yq5HO5YxbgV67VXmSt7KEByFfYf6eXlY2, https://lh5.googleusercontent.com/p/AF1QipO1RwSvHVvIvX6CwWq7AgwvP5goZ_G8HnnbjfHA, "
Marina Hotel Bac Giang,"162 Nguyễn Thị Lưu, Phường Ngô Quyền, Bắc Giang, 230000, Việt Nam","5,0",9,21.2813404,106.1641694,Bắc Giang,Khách sạn,555.679 ₫,Không có giảm giá,"Wi-Fi miễn phí, Đỗ xe miễn phí, Phù hợp cho người khuyết tật, Có điều hòa nhiệt độ, Dịch vụ giặt ủi, Chấp nhận vật nuôi, Dịch vụ phòng, Phù hợp với trẻ em, Bếp ở một số phòng, Quán bar, ","https://lh5.googleusercontent.com/p/AF1QipMpXyr2OG0G0hCbL8G9EB-DLGYfw42yYBlu2we2, https://lh5.googleusercontent.com/p/AF1QipO9aw6bCZOJwZjvOfgbKgWbejJkmQdyK81UUkDJ, https://lh5.googleusercontent.com/p/AF1QipNiS22B4QDwlMTiiAe5tYeO3rv7wFQL2Q15ct4P, https://lh5.googleusercontent.com/p/AF1QipMDfthgQZlCh6WggV9yj6VOSccowsXRU6SktGMq, "
Khách sạn Korea VIP,"63 Lê Hồng Phong, Xương Giang, Bắc Giang, 230000, Việt Nam","5,0",2,21.2872035,106.1751815,Bắc Giang,Khách sạn,426.264 ₫,Ít hơn 22% so với bình thường,,"https://lh5.googleusercontent.com/p/AF1QipOc9u45_9ryC6Q5kzSscMuyaEdHZDiZo6JW4IN4, https://lh5.googleusercontent.com/p/AF1QipNgzmR9KR1UsCsjLakseMYxoy0_udPEWuMQh7p2, https://lh5.googleusercontent.com/p/AF1QipPfGRhBefAhiDkjmF0n0nlmTkw8fnKCFCv4oTYl, https://lh5.googleusercontent.com/p/AF1QipPKO9WWzvYHX4gCNqDirEdYCpwKAn1svrRgD_Rx, "
RAVATEL HOME BAC GIANG,"3 Hùng Vương 1, Phường Lê Lợi, Bắc Giang, 231042, Việt Nam","4,3",67,21.2673361,106.1671599,Bắc Giang,Khách sạn 3 sao,560.000 ₫,Không có giảm giá,"Wi-Fi miễn phí, Bữa sáng miễn phí, Đỗ xe miễn phí, Phù hợp cho người khuyết tật, Bể bơi trong nhà, Có điều hòa nhiệt độ, Dịch vụ giặt ủi, Phù hợp với trẻ em, Nhà hàng, Bếp ở một số phòng, Xe đưa đón ra sân bay, Spa, Trung tâm thể dục, Sân gôn, Không hút thuốc, ","https://lh5.googleusercontent.com/p/AF1QipMCc1DK3Ngo7StgXo55DoEBGXYm05NTtbM1hF46, https://lh5.googleusercontent.com/p/AF1QipMKumQA4EfxbT4neWdjrSzLu0Vbxndua4djKzI6, https://lh5.googleusercontent.com/p/AF1QipPYVLohYpW0IRI2F0UKDz0QmVfO225wI_yPEJf5, https://lh5.googleusercontent.com/p/AF1QipOLFv7JioxtkzaxlO06-XjgBZq3AMnbAatawHn2, "
Ravatel Style Bac Giang,"No.2A Hùng Vương 1, Phường Lê Lợi, Bắc Giang, Việt Nam","5,0",3,21.2678688,106.1678537,Bắc Giang,Khách sạn,1.250.000 ₫,Không có giảm giá,,"https://lh5.googleusercontent.com/p/AF1QipNQf8D6mfAvejzIeXimLI1eFYL2-oak-hV_H7IX, https://lh5.googleusercontent.com/p/AF1QipN2Pdttk-WcWuXNeI2Rmh4oocsCMCKSobwDCMTX, https://lh5.googleusercontent.com/p/AF1QipMolhEcN1UlFCMXv6Up0uOK-FLzErYEOlaA2kUz, "
Sky Hotel,"Xương Giang, Bắc Giang, Việt Nam","4,7",26,21.2977563,106.1872129,Bắc Giang,Khách sạn,367.157 ₫,Ít hơn 20% so với bình thường,,"https://lh5.googleusercontent.com/p/AF1QipPWQoTbSk3XH4FH5lGbopobpT2GAsS6mMD9cMNN, https://lh5.googleusercontent.com/p/AF1QipNNjnT1w6g4xG9ifWhZHzav5NJELUmshAOJfUvt, https://lh5.googleusercontent.com/p/AF1QipMGQVcj5eaCEvUo0YqBTdHnkAFoEUonQbm0nPtf, https://lh5.googleusercontent.com/p/AF1QipOQ67lJX1zo70HYiLi4ztmw27_Bj66jxhOZbe2z, "
KHÁCH SẠN THẮNG LỢI 2 BẮC GIANG,"Đường Tạ Thúc Bình, Khu Đô Thị Bách Việt Lake Garden, Bắc Giang, 26000, Việt Nam","5,0",40,21.2820782,106.1873104,Bắc Giang,Khách sạn,400.000 ₫,Không có giảm giá,"Wi-Fi miễn phí, Đỗ xe miễn phí, Phù hợp cho người khuyết tật, Có điều hòa nhiệt độ, Dịch vụ giặt ủi, Xe đưa đón ra sân bay, Bồn tắm nước nóng, ","https://lh5.googleusercontent.com/p/AF1QipN6smcl2iZutyOiEtB3oZu9xU6oB06Dqk9EwvTL, https://lh5.googleusercontent.com/p/AF1QipOV83H9cs0PW80oFBHkap2vZoYmfGyVvFa-K8Xs, https://lh5.googleusercontent.com/p/AF1QipNQ_J3DgjSGfBTxEraNtwVCHG1aiVsk16QnRxY8, https://lh5.googleusercontent.com/p/AF1QipNfdH-5Dbq2k0R3OiahabNklU1LNzLUPwV8oyCa, "
Hanz Korea 2 Hotel,"23 Phạm Túc Minh, Dĩnh Kế, Bắc Giang, Việt Nam","4,4",12,21.2822826,106.1785399,Bắc Giang,Khách sạn,356.570 ₫,Không có giảm giá,"Wi-Fi miễn phí, Đỗ xe miễn phí, Có điều hòa nhiệt độ, Dịch vụ giặt ủi, Xe đưa đón ra sân bay, Bồn tắm nước nóng, ","https://lh5.googleusercontent.com/p/AF1QipN3jPXYbZCn3jt0-gLVQl_MIyr3xMCVIfyz5t5Y, https://lh5.googleusercontent.com/p/AF1QipOVIoVvNrQEjM8b-UMZZsxX9ZHEbEeT9rGR5YuW, https://lh5.googleusercontent.com/p/AF1QipMJLN39vKJPq5G7yd1wKeit-B3C5Tz9v1ByesCn, https://lh5.googleusercontent.com/p/AF1QipNDvQhP7mJCpgYeu5s93jjZinmeTgn4tmT4bEzK, "
Khách sạn Bảo Sơn - TP Bắc Giang,"Hoàng Quốc Việt, Xương Giang, Bắc Giang, Việt Nam","4,3",30,21.288352,106.1716492,Bắc Giang,Khách sạn,365.638 ₫,Không có giảm giá,,"https://lh5.googleusercontent.com/p/AF1QipO2uky7a1TDYVl8PYfPEBsgCNp9VKFAo4ZCwq-8, https://lh5.googleusercontent.com/p/AF1QipOdUcRwyTMQli9CxvLgnvLJng2IC18vIT90IDw2, https://lh5.googleusercontent.com/p/AF1QipOI_DCa7_ZZ3NnpLWjpNJl3TbDydMwXruP377kl, https://lh5.googleusercontent.com/p/AF1QipO4NJqeIwp6Dha53BkO8dAA4Rbv0CPmdv2CVJ_m, "
Trang Anh Hotel Bắc Giang,"7539+8XW, Song Khê, Bắc Giang, Việt Nam","4,6",13,21.2533526,106.1339039,Bắc Giang,Khách sạn,258.626 ₫,Ít hơn 56% so với bình thường,,"https://lh5.googleusercontent.com/p/AF1QipOHXUIa-7o2N9NUXMUzy8SlvSGdCCQKoCAbL3z1, https://lh5.googleusercontent.com/p/AF1QipMARpXj2u5qLOmhZ72InQLp2TCAzsnZ1bxUnoB3, https://lh5.googleusercontent.com/p/AF1QipN8WMA4gIYCGtKF8G6wc2olbAmuG6ahv0ynY1U7, https://lh5.googleusercontent.com/p/AF1QipNNnGYamBgaq-N2lOc4d7-UHA3xBBLXhMznX9BG, "
Nhà nghỉ An Bình 6,"Lô T2, đường, Quách Nhẫn, Phường Ngô Quyền, Bắc Giang, Việt Nam","4,4",22,21.2837874,106.1699646,Bắc Giang,Khách sạn,361.969 ₫,Không có giảm giá,,
KHÁCH SẠN THẮNG LỢI BẮC GIANG,"299 Cả Trọng, Phường Hoàng Văn Thụ, Bắc Giang, 26000, Việt Nam","4,2",124,21.2766572,106.1739514,Bắc Giang,Khách sạn,Không có giá,Không có giảm giá,,"https://lh5.googleusercontent.com/p/AF1QipPZEkJ_S1usvVn40j8Fl5X4pbKRepkeMS3SolSC, https://lh5.googleusercontent.com/p/AF1QipMangRk8lCwpn5rGvf1CB6KU4ByrRUQSL6gY96w, https://lh5.googleusercontent.com/p/AF1QipOpu963icEv5iT43hUsWAP6ufmWbEyG0DpByp0P, https://lh5.googleusercontent.com/p/AF1QipPxJesVgm_r-e9lVc1py8uCdaE6FUmx87NkIA9A, "
KHÁCH SẠN THẮNG LỢI BẮC GIANG,"299 Cả Trọng, Phường Hoàng Văn Thụ, Bắc Giang, 26000, Việt Nam","4,2",124,21.2766572,106.1739514,Bắc Giang,Khách sạn,Không có giá,Không có giảm giá,,"https://lh5.googleusercontent.com/p/AF1QipPZEkJ_S1usvVn40j8Fl5X4pbKRepkeMS3SolSC, https://lh5.googleusercontent.com/p/AF1QipMangRk8lCwpn5rGvf1CB6KU4ByrRUQSL6gY96w, https://lh5.googleusercontent.com/p/AF1QipOpu963icEv5iT43hUsWAP6ufmWbEyG0DpByp0P, https://lh5.googleusercontent.com/p/AF1QipPxJesVgm_r-e9lVc1py8uCdaE6FUmx87NkIA9A, "
Khách sạn Thượng Hải Bắc Giang,"số 66 Trần Văn Giàu, Tân Tiến, Bắc Giang, 230000, Việt Nam","4,9",13,21.2619641,106.1706045,Bắc Giang,Khách sạn,Không có giá,Không có giảm giá,,"https://lh5.googleusercontent.com/p/AF1QipMnscNPedGnEaMiCclSNLKqqfH6WomcrpEdOZ_x, https://lh5.googleusercontent.com/p/AF1QipPoGZ0dwKIk7Axjzti4ZSz8uYW-n05UyLV2su3M, https://lh5.googleusercontent.com/p/AF1QipNc8tc5AbbNALAgEc6Oxael0mfV5ZibGziE0Vua, https://lh5.googleusercontent.com/p/AF1QipPxqCnd5ZMiqYokb5q2c7cjwjmNMzNL-Ot8Ji72, "
Nhà nghỉ An Chi,"1623 Hoàng Hoa Thám, Song Mai, Tân Yên, Bắc Giang, Việt Nam","4,3",17,21.3105666,106.1254142,Bắc Giang,Khách sạn,248.866 ₫,Không có giảm giá,"Wi-Fi miễn phí, Dịch vụ giặt ủi, Bếp ở một số phòng, ","https://lh5.googleusercontent.com/p/AF1QipOCHGTXskFxrDXue6RZz84Uk2KzkBvMmuatfK2U, https://lh5.googleusercontent.com/p/AF1QipPlCkETBuuUx48SebpNpzGcbvWt-K3qptFjqnK4, https://lh5.googleusercontent.com/p/AF1QipNR30HHj-1cU_bkZ6Jv-pcceWMaKTHwZGuMc3BP, https://lh5.googleusercontent.com/p/AF1QipNv9USOrOrGk6_W8ITdmBGz0BcTZVyInxVEiMax, "
Hotel Cozy VIP,"23 Hoàng Văn Thụ 2, Dĩnh Kế, Bắc Giang, 26000, Việt Nam","4,7",12,21.2857785,106.1806419,Bắc Giang,Khách sạn,Không có giá,Không có giảm giá,"Đỗ xe miễn phí, ","https://lh5.googleusercontent.com/p/AF1QipPyuZvxTccGB_QZJoRexFuuJ3vf1mUH0LX5ScV_, https://lh5.googleusercontent.com/p/AF1QipPAmZ-25bXWcUcgcPPQrp5ktfNgtuk8bmlpNVuE, https://lh5.googleusercontent.com/p/AF1QipNYlq2yIPq_w8ouinfLwCEdAlzlWUWrzBESSSbw, https://lh5.googleusercontent.com/p/AF1QipPxo6TWZPZU9L1wAhAHcN7XDrdRGUQF-gsH8pUf, "
Công ty cổ phần đầu tư Hương Sen,"Số 02 Đường, 3 Hùng Vương, Phường Hoàng Văn Thụ, Tp. Bắc Giang, Bắc Giang, Việt Nam","2,0",2,21.2857785,106.1497429,Bắc Giang,Khách sạn,501.146 ₫,Không có giảm giá,,
Khách sạn Hương Sen - Trung tâm chăm sóc sức khỏe,"Phường Lê Lợi, Bắc Giang, Việt Nam","3,9",12,21.2707594,106.1678517,Bắc Giang,Khách sạn,Không có giá,Không có giảm giá,,"https://lh5.googleusercontent.com/p/AF1QipOAo0ZBegAFoohiYUMNkzElLihTQR_Kbqnl7vCe, https://lh5.googleusercontent.com/p/AF1QipOqpPjFemtMcIWQKBuK4GAW6ELIVoWasJ1Zdatt, https://lh5.googleusercontent.com/p/AF1QipOAo0ZBegAFoohiYUMNkzElLihTQR_Kbqnl7vCe, "
An Binh Hotel 2,"4-6 Đỗ Văn Quýnh, Dĩnh Kế, Bắc Giang, Việt Nam","3,5",134,21.2855871,106.1782109,Bắc Giang,Khách sạn 2 sao,Không có giá,Không có giảm giá,"Wi-Fi miễn phí, Đỗ xe miễn phí, Có điều hòa nhiệt độ, Dịch vụ giặt ủi, Chấp nhận vật nuôi, Xe đưa đón ra sân bay, ","https://lh5.googleusercontent.com/p/AF1QipMAOh40u4quYfTlkeL_WLJ_IPMNehoqpXVRhI53, https://lh5.googleusercontent.com/p/AF1QipMzz-bjXMkdQeFpRfIXchJKYdxpY0eZuDAHZ_oq, https://lh5.googleusercontent.com/p/AF1QipPD8BcFbv3pD-w0bBqIdpsp0xMbZpM6a4z68BAb, https://lh5.googleusercontent.com/p/AF1QipOUIyf3AQMbOG-sJbh3JARzb12rDJhJ9XlrDkeX, "
Nhà nghỉ SKY,"Lô 21 Đ. Phan Chu Trinh, Đa Mai, Bắc Giang, Việt Nam","4,8",38,21.2855871,106.1473119,Bắc Giang,Khách sạn,Không có giá,Không có giảm giá,"Wi-Fi miễn phí, Dịch vụ giặt ủi, Bếp ở một số phòng, ","https://lh5.googleusercontent.com/p/AF1QipMnsxLgaPKDWq9JZL4bL4-nIjYw-B0yZbWYB4LC, https://lh5.googleusercontent.com/p/AF1QipNoH8kjNHbPmI2lud9qeNDnAstQS6E7gfG3nwop, https://lh5.googleusercontent.com/p/AF1QipNpyXHp_xHUtQ3zHTdkUu_M6olQIHfqi7jtlnvq, https://lh5.googleusercontent.com/p/AF1QipNwQPVRMnIQ-TOOYjlpJG83dMFi66aGyijQeDUR, "
Lavatel Home,"40 Thân Công Đài, TDP, Bắc Giang, Việt Nam",Chưa xét,0,21.267623,106.1670511,Bắc Giang,Khách sạn,Không có giá,Không có giảm giá,,
KHÁCH SẠN VIỆT HÀN,"744R+378, tt. Nếnh, Việt Yên, Bắc Giang, Việt Nam","5,0",1,21.255168,106.1046645,Bắc Giang,Khách sạn,Không có giá,Không có giảm giá,,"https://lh5.googleusercontent.com/p/AF1QipMP2TtgdF9bzke9171Au-R2O5aKvwnn5_z8AE-I, https://lh5.googleusercontent.com/p/AF1QipM9l7-vBrDkzdmg2pDmUZ14VYzt6Dcn0piLou8k, https://lh5.googleusercontent.com/p/AF1QipMGRtZMBsJ4MokGzwplOJKww1PHubX5QyKnL6YX, "
Nhà khách Bộ chỉ huy Quân sự Tỉnh Bắc Giang,"Phường Hoàng Văn Thụ, Bắc Giang, Việt Nam","4,3",44,21.2764114,106.1669028,Bắc Giang,Khách sạn,Không có giá,Không có giảm giá,,"https://lh5.googleusercontent.com/p/AF1QipN4vmadeeUns6JFIeu2wkuHd-cnYd4vSsLEtqOL, https://lh5.googleusercontent.com/p/AF1QipMwxoqO6RngNkt8t7V34l2LplOwdUjvBX_Asj1Q, https://lh5.googleusercontent.com/p/AF1QipN-LfxflW_1oZBBDazbrC5gnD_X6oi2b4BSbLWC, https://lh5.googleusercontent.com/p/AF1QipOwFATQr8TIKnTHA1xddo-dN67TRtONUnsX09I, "
Korea 816 Mini Hotel,"816 Lê Lợi, Dĩnh Kế, Bắc Giang, 260000, Việt Nam","4,0",3,21.2782525,106.1761944,Bắc Giang,Khách sạn,Không có giá,Không có giảm giá,"Wi-Fi miễn phí, Đỗ xe miễn phí, Có điều hòa nhiệt độ, Dịch vụ giặt ủi, Xe đưa đón ra sân bay, ","https://lh5.googleusercontent.com/p/AF1QipMiMpfLaU2cG4csOTJhe7z26j1kRehlX8xzIB7T, https://lh5.googleusercontent.com/p/AF1QipP7-iie2pfJZ0Hvmd8aWupiVixeAEe5XUodnPOZ, "
Tróp Hotel,"869X+X53, Tân Dĩnh, Lạng Giang, Bắc Giang, Việt Nam","3,0",4,21.3190659,106.2132541,Bắc Giang,Khách sạn,Không có giá,Không có giảm giá,,"https://lh5.googleusercontent.com/p/AF1QipNNQPwfZeZznTDYGuK0jOdkBke-tnRukNaGuGqE, https://lh5.googleusercontent.com/p/AF1QipMSL0QfCG_3INLRxsOHq8objwQ3dLTSwLR8IYjz, https://lh5.googleusercontent.com/p/AF1QipPVFCIWe2WgiZ1qPrk54qzdCRICPJVIYHiCxazW, https://lh5.googleusercontent.com/p/AF1QipOo-VkWTJbJaRUr146uuMki_GYkWrYTKaxGJUbF, "
Nhà Nghỉ Thanh Bình Bắc Giang,"900 Hoàng Hoa Thám, Song Mai, Bắc Giang, 26112, Việt Nam","4,8",17,21.3015432,106.1324525,Bắc Giang,Khách sạn,Không có giá,Không có giảm giá,"Wi-Fi miễn phí, Có điều hòa nhiệt độ, ","https://lh5.googleusercontent.com/p/AF1QipO2NtYuQzydrh_zDxjLM_wqiZJAwebcOgmHeTnS, https://lh5.googleusercontent.com/p/AF1QipOz4YKRO_DPaHX6aJUEDojpNFycBZxXaYI-cQsU, https://lh5.googleusercontent.com/p/AF1QipP9RAmPtFzIkyEz49v0mAfKUQ1Pmcj6taCtnJCQ, https://lh5.googleusercontent.com/p/AF1QipORyo-6ad05b7ea40IriP-lYbnqGCqCoAXI1o8d, "
Nhà Nghỉ Hương Quỳnh,"Hoàng Ninh, Việt Yên, Bắc Giang, Việt Nam","4,6",32,21.2519504,106.1038659,Bắc Giang,Khách sạn,Không có giá,Không có giảm giá,,"https://lh5.googleusercontent.com/p/AF1QipPdIzVOSQOifaqg7_fFfTVDA3M-ENg_9xUc8X3h, https://lh5.googleusercontent.com/p/AF1QipNcdTFcMu8YhpINHU25dXfyi31Uu5igYh_EEMbP, https://lh5.googleusercontent.com/p/AF1QipN-JlNBnnk549eOzH0GRl6655LZyJcbBz86ARod, https://lh5.googleusercontent.com/p/AF1QipNeP2ZUb81Us9KDiptksiPF-AASx-SVefF9qhs_, "
Nhà nghỉ thiên hương,"8557+2WP, Song Mai, Bắc Giang, Việt Nam","4,6",11,21.3075797,106.1287795,Bắc Giang,Khách sạn,Không có giá,Không có giảm giá,,"https://lh5.googleusercontent.com/p/AF1QipNxppe-osGv0Mf_P5eslVqdwlIm_BPFFYVmYjVz, https://lh5.googleusercontent.com/p/AF1QipPjL8DOPm1yhz28__H-McCdBFpWLHdefGfkCqtp, https://lh5.googleusercontent.com/p/AF1QipPvsAfrCpf7QBpnx3alQmoqUo8Xt9AJCrWfGaO1, https://lh5.googleusercontent.com/p/AF1QipMsD3xSBlq4kAjEHW-7Z7LQASEAmazcTn8ICSYP, "
Nhà nghỉ Bảo Anh,"Liêm Xuyên 3, Song Khê, Bắc Giang, Việt Nam","4,0",15,21.2543509,106.1292654,Bắc Giang,Khách sạn,Không có giá,Không có giảm giá,,"https://lh5.googleusercontent.com/p/AF1QipMbQdAeIpCgLx2IZyq3UKh0rlyf0KnAaSYzxA5_, https://lh5.googleusercontent.com/p/AF1QipP2qvEf5wNg2t9t2LcKblJQSSSef6t6erZ_mN6v, https://lh5.googleusercontent.com/p/AF1QipMx_KYLRv6fP-4k_HX3dWs9omT_zpljmEDQgfAY, https://lh5.googleusercontent.com/p/AF1QipOH8dWazQ74FWSI5ee5rSWiyUWgNqcPhQlQp4N7, "
Nhà nghỉ G9,"12N18 KĐT phía tây, Lạng Giang, Bắc Giang, Việt Nam","3,9",26,21.349712,106.2207951,Bắc Giang,Khách sạn,Không có giá,Không có giảm giá,"Wi-Fi miễn phí, Bữa sáng có tính phí, Đỗ xe miễn phí, Dịch vụ giặt ủi, Dịch vụ phòng, Phù hợp với trẻ em, Xe đưa đón ra sân bay, ","https://lh5.googleusercontent.com/p/AF1QipPCqIX-Hho5gIdH-UNFY2pWVNI9qQZxYsySDr8R, https://lh5.googleusercontent.com/p/AF1QipMYocWdC6U65MTxQVwUAMpNCmO4gYmRyUsJ0vlo, https://lh5.googleusercontent.com/p/AF1QipOI_gFsBgmeCntvrv5zBc_zDLeitC3DO5uKPnsm, https://lh5.googleusercontent.com/p/AF1QipOOUvwZ6z4zf45TroW_ovdb1AgyOQ723-80qKfd, "
